<?xml version="1.0" encoding="UTF-8"?>
<spirit:component xmlns:xilinx="http://www.xilinx.com" xmlns:spirit="http://www.spiritconsortium.org/XMLSchema/SPIRIT/1685-2009" xmlns:xsi="http://www.w3.org/2001/XMLSchema-instance">
  <spirit:vendor>xilinx.com</spirit:vendor>
  <spirit:library>hls</spirit:library>
  <spirit:name>qaoa_kernel</spirit:name>
  <spirit:version>1.0</spirit:version>
  <spirit:busInterfaces>
    <spirit:busInterface>
      <spirit:name>s_axi_control</spirit:name>
      <spirit:busType spirit:vendor="xilinx.com" spirit:library="interface" spirit:name="aximm" spirit:version="1.0"/>
      <spirit:abstractionType spirit:vendor="xilinx.com" spirit:library="interface" spirit:name="aximm_rtl" spirit:version="1.0"/>
      <spirit:slave>
        <spirit:memoryMapRef spirit:memoryMapRef="s_axi_control"/>
      </spirit:slave>
      <spirit:portMaps>
        <spirit:portMap>
          <spirit:logicalPort>
            <spirit:name>ARADDR</spirit:name>
          </spirit:logicalPort>
          <spirit:physicalPort>
            <spirit:name>s_axi_control_ARADDR</spirit:name>
          </spirit:physicalPort>
        </spirit:portMap>
        <spirit:portMap>
          <spirit:logicalPort>
            <spirit:name>ARREADY</spirit:name>
          </spirit:logicalPort>
          <spirit:physicalPort>
            <spirit:name>s_axi_control_ARREADY</spirit:name>
          </spirit:physicalPort>
        </spirit:portMap>
        <spirit:portMap>
          <spirit:logicalPort>
            <spirit:name>ARVALID</spirit:name>
          </spirit:logicalPort>
          <spirit:physicalPort>
            <spirit:name>s_axi_control_ARVALID</spirit:name>
          </spirit:physicalPort>
        </spirit:portMap>
        <spirit:portMap>
          <spirit:logicalPort>
            <spirit:name>AWADDR</spirit:name>
          </spirit:logicalPort>
          <spirit:physicalPort>
            <spirit:name>s_axi_control_AWADDR</spirit:name>
          </spirit:physicalPort>
        </spirit:portMap>
        <spirit:portMap>
          <spirit:logicalPort>
            <spirit:name>AWREADY</spirit:name>
          </spirit:logicalPort>
          <spirit:physicalPort>
            <spirit:name>s_axi_control_AWREADY</spirit:name>
          </spirit:physicalPort>
        </spirit:portMap>
        <spirit:portMap>
          <spirit:logicalPort>
            <spirit:name>AWVALID</spirit:name>
          </spirit:logicalPort>
          <spirit:physicalPort>
            <spirit:name>s_axi_control_AWVALID</spirit:name>
          </spirit:physicalPort>
        </spirit:portMap>
        <spirit:portMap>
          <spirit:logicalPort>
            <spirit:name>BREADY</spirit:name>
          </spirit:logicalPort>
          <spirit:physicalPort>
            <spirit:name>s_axi_control_BREADY</spirit:name>
          </spirit:physicalPort>
        </spirit:portMap>
        <spirit:portMap>
          <spirit:logicalPort>
            <spirit:name>BRESP</spirit:name>
          </spirit:logicalPort>
          <spirit:physicalPort>
            <spirit:name>s_axi_control_BRESP</spirit:name>
          </spirit:physicalPort>
        </spirit:portMap>
        <spirit:portMap>
          <spirit:logicalPort>
            <spirit:name>BVALID</spirit:name>
          </spirit:logicalPort>
          <spirit:physicalPort>
            <spirit:name>s_axi_control_BVALID</spirit:name>
          </spirit:physicalPort>
        </spirit:portMap>
        <spirit:portMap>
          <spirit:logicalPort>
            <spirit:name>RDATA</spirit:name>
          </spirit:logicalPort>
          <spirit:physicalPort>
            <spirit:name>s_axi_control_RDATA</spirit:name>
          </spirit:physicalPort>
        </spirit:portMap>
        <spirit:portMap>
          <spirit:logicalPort>
            <spirit:name>RREADY</spirit:name>
          </spirit:logicalPort>
          <spirit:physicalPort>
            <spirit:name>s_axi_control_RREADY</spirit:name>
          </spirit:physicalPort>
        </spirit:portMap>
        <spirit:portMap>
          <spirit:logicalPort>
            <spirit:name>RRESP</spirit:name>
          </spirit:logicalPort>
          <spirit:physicalPort>
            <spirit:name>s_axi_control_RRESP</spirit:name>
          </spirit:physicalPort>
        </spirit:portMap>
        <spirit:portMap>
          <spirit:logicalPort>
            <spirit:name>RVALID</spirit:name>
          </spirit:logicalPort>
          <spirit:physicalPort>
            <spirit:name>s_axi_control_RVALID</spirit:name>
          </spirit:physicalPort>
        </spirit:portMap>
        <spirit:portMap>
          <spirit:logicalPort>
            <spirit:name>WDATA</spirit:name>
          </spirit:logicalPort>
          <spirit:physicalPort>
            <spirit:name>s_axi_control_WDATA</spirit:name>
          </spirit:physicalPort>
        </spirit:portMap>
        <spirit:portMap>
          <spirit:logicalPort>
            <spirit:name>WREADY</spirit:name>
          </spirit:logicalPort>
          <spirit:physicalPort>
            <spirit:name>s_axi_control_WREADY</spirit:name>
          </spirit:physicalPort>
        </spirit:portMap>
        <spirit:portMap>
          <spirit:logicalPort>
            <spirit:name>WSTRB</spirit:name>
          </spirit:logicalPort>
          <spirit:physicalPort>
            <spirit:name>s_axi_control_WSTRB</spirit:name>
          </spirit:physicalPort>
        </spirit:portMap>
        <spirit:portMap>
          <spirit:logicalPort>
            <spirit:name>WVALID</spirit:name>
          </spirit:logicalPort>
          <spirit:physicalPort>
            <spirit:name>s_axi_control_WVALID</spirit:name>
          </spirit:physicalPort>
        </spirit:portMap>
      </spirit:portMaps>
      <spirit:parameters>
        <spirit:parameter>
          <spirit:name>ADDR_WIDTH</spirit:name>
          <spirit:value spirit:id="BUSIFPARAM_VALUE.S_AXI_CONTROL.ADDR_WIDTH">7</spirit:value>
        </spirit:parameter>
        <spirit:parameter>
          <spirit:name>DATA_WIDTH</spirit:name>
          <spirit:value spirit:id="BUSIFPARAM_VALUE.S_AXI_CONTROL.DATA_WIDTH">32</spirit:value>
        </spirit:parameter>
        <spirit:parameter>
          <spirit:name>PROTOCOL</spirit:name>
          <spirit:value spirit:id="BUSIFPARAM_VALUE.S_AXI_CONTROL.PROTOCOL">AXI4LITE</spirit:value>
        </spirit:parameter>
        <spirit:parameter>
          <spirit:name>READ_WRITE_MODE</spirit:name>
          <spirit:value spirit:id="BUSIFPARAM_VALUE.S_AXI_CONTROL.READ_WRITE_MODE">READ_WRITE</spirit:value>
        </spirit:parameter>
      </spirit:parameters>
    </spirit:busInterface>
    <spirit:busInterface>
      <spirit:name>ap_clk</spirit:name>
      <spirit:busType spirit:vendor="xilinx.com" spirit:library="signal" spirit:name="clock" spirit:version="1.0"/>
      <spirit:abstractionType spirit:vendor="xilinx.com" spirit:library="signal" spirit:name="clock_rtl" spirit:version="1.0"/>
      <spirit:slave/>
      <spirit:portMaps>
        <spirit:portMap>
          <spirit:logicalPort>
            <spirit:name>CLK</spirit:name>
          </spirit:logicalPort>
          <spirit:physicalPort>
            <spirit:name>ap_clk</spirit:name>
          </spirit:physicalPort>
        </spirit:portMap>
      </spirit:portMaps>
      <spirit:parameters>
        <spirit:parameter>
          <spirit:name>ASSOCIATED_BUSIF</spirit:name>
          <spirit:value spirit:id="BUSIFPARAM_VALUE.AP_CLK.ASSOCIATED_BUSIF">s_axi_control</spirit:value>
        </spirit:parameter>
        <spirit:parameter>
          <spirit:name>ASSOCIATED_RESET</spirit:name>
          <spirit:value spirit:id="BUSIFPARAM_VALUE.AP_CLK.ASSOCIATED_RESET">ap_rst_n</spirit:value>
        </spirit:parameter>
      </spirit:parameters>
    </spirit:busInterface>
    <spirit:busInterface>
      <spirit:name>ap_rst_n</spirit:name>
      <spirit:busType spirit:vendor="xilinx.com" spirit:library="signal" spirit:name="reset" spirit:version="1.0"/>
      <spirit:abstractionType spirit:vendor="xilinx.com" spirit:library="signal" spirit:name="reset_rtl" spirit:version="1.0"/>
      <spirit:slave/>
      <spirit:portMaps>
        <spirit:portMap>
          <spirit:logicalPort>
            <spirit:name>RST</spirit:name>
          </spirit:logicalPort>
          <spirit:physicalPort>
            <spirit:name>ap_rst_n</spirit:name>
          </spirit:physicalPort>
        </spirit:portMap>
      </spirit:portMaps>
      <spirit:parameters>
        <spirit:parameter>
          <spirit:name>POLARITY</spirit:name>
          <spirit:value spirit:id="BUSIFPARAM_VALUE.AP_RST_N.POLARITY">ACTIVE_LOW</spirit:value>
        </spirit:parameter>
      </spirit:parameters>
    </spirit:busInterface>
    <spirit:busInterface>
      <spirit:name>interrupt</spirit:name>
      <spirit:busType spirit:vendor="xilinx.com" spirit:library="signal" spirit:name="interrupt" spirit:version="1.0"/>
      <spirit:abstractionType spirit:vendor="xilinx.com" spirit:library="signal" spirit:name="interrupt_rtl" spirit:version="1.0"/>
      <spirit:master/>
      <spirit:portMaps>
        <spirit:portMap>
          <spirit:logicalPort>
            <spirit:name>INTERRUPT</spirit:name>
          </spirit:logicalPort>
          <spirit:physicalPort>
            <spirit:name>interrupt</spirit:name>
          </spirit:physicalPort>
        </spirit:portMap>
      </spirit:portMaps>
      <spirit:parameters>
        <spirit:parameter>
          <spirit:name>SENSITIVITY</spirit:name>
          <spirit:value spirit:id="BUSIFPARAM_VALUE.INTERRUPT.SENSITIVITY">LEVEL_HIGH</spirit:value>
        </spirit:parameter>
      </spirit:parameters>
    </spirit:busInterface>
  </spirit:busInterfaces>
  <spirit:memoryMaps>
    <spirit:memoryMap>
      <spirit:name>s_axi_control</spirit:name>
      <spirit:addressBlock>
        <spirit:name>Reg</spirit:name>
        <spirit:baseAddress spirit:format="long">0</spirit:baseAddress>
        <spirit:range spirit:format="long" spirit:resolve="generated">65536</spirit:range>
        <spirit:width spirit:format="long">32</spirit:width>
        <spirit:usage>register</spirit:usage>
        <spirit:access>read-write</spirit:access>
        <spirit:parameters>
          <spirit:parameter>
            <spirit:name>OFFSET_BASE_PARAM</spirit:name>
            <spirit:value spirit:id="ADDRBLOCKPARAM_VALUE.S_AXI_CONTROL.REG.OFFSET_BASE_PARAM">C_S_AXI_CONTROL_BASEADDR</spirit:value>
          </spirit:parameter>
          <spirit:parameter>
            <spirit:name>OFFSET_HIGH_PARAM</spirit:name>
            <spirit:value spirit:id="ADDRBLOCKPARAM_VALUE.S_AXI_CONTROL.REG.OFFSET_HIGH_PARAM">C_S_AXI_CONTROL_HIGHADDR</spirit:value>
          </spirit:parameter>
        </spirit:parameters>
        <spirit:register>
          <spirit:name>CTRL</spirit:name>
          <spirit:displayName>CTRL</spirit:displayName>
          <spirit:description>Control signals</spirit:description>
          <spirit:addressOffset>0</spirit:addressOffset>
          <spirit:size spirit:format="long">32</spirit:size>
          <spirit:access>read-write</spirit:access>
          <spirit:reset>
            <spirit:value spirit:format="long">0</spirit:value>
          </spirit:reset>
          <spirit:field>
            <spirit:name>AP_START</spirit:name>
            <spirit:description>Control signal Register for &apos;ap_start&apos;.</spirit:description>
            <spirit:bitOffset>0</spirit:bitOffset>
            <spirit:bitWidth spirit:format="long">1</spirit:bitWidth>
            <spirit:access>read-write</spirit:access>
            <spirit:modifiedWriteValue>modify</spirit:modifiedWriteValue>
            <spirit:writeValueConstraint>
              <spirit:minimum>0</spirit:minimum>
              <spirit:maximum>0</spirit:maximum>
            </spirit:writeValueConstraint>
            <spirit:testable spirit:testConstraint="unconstrained">false</spirit:testable>
          </spirit:field>
          <spirit:field>
            <spirit:name>AP_DONE</spirit:name>
            <spirit:description>Control signal Register for &apos;ap_done&apos;.</spirit:description>
            <spirit:bitOffset>1</spirit:bitOffset>
            <spirit:bitWidth spirit:format="long">1</spirit:bitWidth>
            <spirit:access>read-only</spirit:access>
            <spirit:writeValueConstraint>
              <spirit:minimum>0</spirit:minimum>
              <spirit:maximum>0</spirit:maximum>
            </spirit:writeValueConstraint>
            <spirit:readAction>modify</spirit:readAction>
            <spirit:testable spirit:testConstraint="unconstrained">false</spirit:testable>
          </spirit:field>
          <spirit:field>
            <spirit:name>AP_IDLE</spirit:name>
            <spirit:description>Control signal Register for &apos;ap_idle&apos;.</spirit:description>
            <spirit:bitOffset>2</spirit:bitOffset>
            <spirit:bitWidth spirit:format="long">1</spirit:bitWidth>
            <spirit:access>read-only</spirit:access>
            <spirit:writeValueConstraint>
              <spirit:minimum>0</spirit:minimum>
              <spirit:maximum>0</spirit:maximum>
            </spirit:writeValueConstraint>
            <spirit:readAction>modify</spirit:readAction>
            <spirit:testable spirit:testConstraint="unconstrained">false</spirit:testable>
          </spirit:field>
          <spirit:field>
            <spirit:name>AP_READY</spirit:name>
            <spirit:description>Control signal Register for &apos;ap_ready&apos;.</spirit:description>
            <spirit:bitOffset>3</spirit:bitOffset>
            <spirit:bitWidth spirit:format="long">1</spirit:bitWidth>
            <spirit:access>read-only</spirit:access>
            <spirit:writeValueConstraint>
              <spirit:minimum>0</spirit:minimum>
              <spirit:maximum>0</spirit:maximum>
            </spirit:writeValueConstraint>
            <spirit:readAction>modify</spirit:readAction>
            <spirit:testable spirit:testConstraint="unconstrained">false</spirit:testable>
          </spirit:field>
          <spirit:field>
            <spirit:name>RESERVED_1</spirit:name>
            <spirit:description>Reserved.  0s on read.</spirit:description>
            <spirit:bitOffset>4</spirit:bitOffset>
            <spirit:bitWidth spirit:format="long">3</spirit:bitWidth>
            <spirit:access>read-only</spirit:access>
            <spirit:writeValueConstraint>
              <spirit:minimum>0</spirit:minimum>
              <spirit:maximum>0</spirit:maximum>
            </spirit:writeValueConstraint>
            <spirit:readAction>modify</spirit:readAction>
            <spirit:testable spirit:testConstraint="unconstrained">false</spirit:testable>
          </spirit:field>
          <spirit:field>
            <spirit:name>AUTO_RESTART</spirit:name>
            <spirit:description>Control signal Register for &apos;auto_restart&apos;.</spirit:description>
            <spirit:bitOffset>7</spirit:bitOffset>
            <spirit:bitWidth spirit:format="long">1</spirit:bitWidth>
            <spirit:access>read-write</spirit:access>
            <spirit:modifiedWriteValue>modify</spirit:modifiedWriteValue>
            <spirit:writeValueConstraint>
              <spirit:minimum>0</spirit:minimum>
              <spirit:maximum>0</spirit:maximum>
            </spirit:writeValueConstraint>
            <spirit:testable spirit:testConstraint="unconstrained">false</spirit:testable>
          </spirit:field>
          <spirit:field>
            <spirit:name>RESERVED_2</spirit:name>
            <spirit:description>Reserved.  0s on read.</spirit:description>
            <spirit:bitOffset>8</spirit:bitOffset>
            <spirit:bitWidth spirit:format="long">1</spirit:bitWidth>
            <spirit:access>read-only</spirit:access>
            <spirit:writeValueConstraint>
              <spirit:minimum>0</spirit:minimum>
              <spirit:maximum>0</spirit:maximum>
            </spirit:writeValueConstraint>
            <spirit:readAction>modify</spirit:readAction>
            <spirit:testable spirit:testConstraint="unconstrained">false</spirit:testable>
          </spirit:field>
          <spirit:field>
            <spirit:name>INTERRUPT</spirit:name>
            <spirit:description>Control signal Register for &apos;interrupt&apos;.</spirit:description>
            <spirit:bitOffset>9</spirit:bitOffset>
            <spirit:bitWidth spirit:format="long">1</spirit:bitWidth>
            <spirit:access>read-only</spirit:access>
            <spirit:writeValueConstraint>
              <spirit:minimum>0</spirit:minimum>
              <spirit:maximum>0</spirit:maximum>
            </spirit:writeValueConstraint>
            <spirit:readAction>modify</spirit:readAction>
            <spirit:testable spirit:testConstraint="unconstrained">false</spirit:testable>
          </spirit:field>
          <spirit:field>
            <spirit:name>RESERVED_3</spirit:name>
            <spirit:description>Reserved.  0s on read.</spirit:description>
            <spirit:bitOffset>10</spirit:bitOffset>
            <spirit:bitWidth spirit:format="long">22</spirit:bitWidth>
            <spirit:access>read-only</spirit:access>
            <spirit:writeValueConstraint>
              <spirit:minimum>0</spirit:minimum>
              <spirit:maximum>0</spirit:maximum>
            </spirit:writeValueConstraint>
            <spirit:readAction>modify</spirit:readAction>
            <spirit:testable spirit:testConstraint="unconstrained">false</spirit:testable>
          </spirit:field>
        </spirit:register>
        <spirit:register>
          <spirit:name>GIER</spirit:name>
          <spirit:displayName>GIER</spirit:displayName>
          <spirit:description>Global Interrupt Enable Register</spirit:description>
          <spirit:addressOffset>4</spirit:addressOffset>
          <spirit:size spirit:format="long">32</spirit:size>
          <spirit:access>read-write</spirit:access>
          <spirit:reset>
            <spirit:value spirit:format="long">0</spirit:value>
          </spirit:reset>
          <spirit:field>
            <spirit:name>Enable</spirit:name>
            <spirit:description>Master enable for the device interrupt output to the system interrupt controller: 0 = Disabled, 1 = Enabled</spirit:description>
            <spirit:bitOffset>0</spirit:bitOffset>
            <spirit:bitWidth spirit:format="long">1</spirit:bitWidth>
            <spirit:access>read-write</spirit:access>
            <spirit:modifiedWriteValue>modify</spirit:modifiedWriteValue>
            <spirit:writeValueConstraint>
              <spirit:minimum>0</spirit:minimum>
              <spirit:maximum>0</spirit:maximum>
            </spirit:writeValueConstraint>
            <spirit:testable spirit:testConstraint="unconstrained">false</spirit:testable>
          </spirit:field>
          <spirit:field>
            <spirit:name>RESERVED</spirit:name>
            <spirit:description>Reserved.  0s on read.</spirit:description>
            <spirit:bitOffset>1</spirit:bitOffset>
            <spirit:bitWidth spirit:format="long">31</spirit:bitWidth>
            <spirit:access>read-only</spirit:access>
            <spirit:writeValueConstraint>
              <spirit:minimum>0</spirit:minimum>
              <spirit:maximum>0</spirit:maximum>
            </spirit:writeValueConstraint>
            <spirit:readAction>modify</spirit:readAction>
            <spirit:testable spirit:testConstraint="unconstrained">false</spirit:testable>
          </spirit:field>
        </spirit:register>
        <spirit:register>
          <spirit:name>IP_IER</spirit:name>
          <spirit:displayName>IP_IER</spirit:displayName>
          <spirit:description>IP Interrupt Enable Register</spirit:description>
          <spirit:addressOffset>8</spirit:addressOffset>
          <spirit:size spirit:format="long">32</spirit:size>
          <spirit:access>read-write</spirit:access>
          <spirit:reset>
            <spirit:value spirit:format="long">0</spirit:value>
          </spirit:reset>
          <spirit:field>
            <spirit:name>CHAN0_INT_EN</spirit:name>
            <spirit:description>Enable Channel 0 (ap_done) Interrupt.  0 = Disabled, 1 = Enabled.</spirit:description>
            <spirit:bitOffset>0</spirit:bitOffset>
            <spirit:bitWidth spirit:format="long">1</spirit:bitWidth>
            <spirit:access>read-write</spirit:access>
            <spirit:modifiedWriteValue>modify</spirit:modifiedWriteValue>
            <spirit:writeValueConstraint>
              <spirit:minimum>0</spirit:minimum>
              <spirit:maximum>0</spirit:maximum>
            </spirit:writeValueConstraint>
            <spirit:testable spirit:testConstraint="unconstrained">false</spirit:testable>
          </spirit:field>
          <spirit:field>
            <spirit:name>CHAN1_INT_EN</spirit:name>
            <spirit:description>Enable Channel 1 (ap_ready) Interrupt.  0 = Disabled, 1 = Enabled.</spirit:description>
            <spirit:bitOffset>1</spirit:bitOffset>
            <spirit:bitWidth spirit:format="long">1</spirit:bitWidth>
            <spirit:access>read-write</spirit:access>
            <spirit:modifiedWriteValue>modify</spirit:modifiedWriteValue>
            <spirit:writeValueConstraint>
              <spirit:minimum>0</spirit:minimum>
              <spirit:maximum>0</spirit:maximum>
            </spirit:writeValueConstraint>
            <spirit:testable spirit:testConstraint="unconstrained">false</spirit:testable>
          </spirit:field>
          <spirit:field>
            <spirit:name>RESERVED_0</spirit:name>
            <spirit:description>Reserved.  0s on read.</spirit:description>
            <spirit:bitOffset>2</spirit:bitOffset>
            <spirit:bitWidth spirit:format="long">30</spirit:bitWidth>
            <spirit:access>read-only</spirit:access>
            <spirit:writeValueConstraint>
              <spirit:minimum>0</spirit:minimum>
              <spirit:maximum>0</spirit:maximum>
            </spirit:writeValueConstraint>
            <spirit:readAction>modify</spirit:readAction>
            <spirit:testable spirit:testConstraint="unconstrained">false</spirit:testable>
          </spirit:field>
        </spirit:register>
        <spirit:register>
          <spirit:name>IP_ISR</spirit:name>
          <spirit:displayName>IP_ISR</spirit:displayName>
          <spirit:description>IP Interrupt Status Register</spirit:description>
          <spirit:addressOffset>12</spirit:addressOffset>
          <spirit:size spirit:format="long">32</spirit:size>
          <spirit:access>read-write</spirit:access>
          <spirit:reset>
            <spirit:value spirit:format="long">0</spirit:value>
          </spirit:reset>
          <spirit:field>
            <spirit:name>CHAN0_INT_ST</spirit:name>
            <spirit:description>Channel 0 (ap_done) Interrupt Status. 0 = No Channel 0 interrupt, 1 = Channel 0 interrupt.</spirit:description>
            <spirit:bitOffset>0</spirit:bitOffset>
            <spirit:bitWidth spirit:format="long">1</spirit:bitWidth>
            <spirit:access>read-only</spirit:access>
            <spirit:modifiedWriteValue>oneToToggle</spirit:modifiedWriteValue>
            <spirit:writeValueConstraint>
              <spirit:minimum>0</spirit:minimum>
              <spirit:maximum>0</spirit:maximum>
            </spirit:writeValueConstraint>
            <spirit:readAction>modify</spirit:readAction>
            <spirit:testable spirit:testConstraint="unconstrained">false</spirit:testable>
          </spirit:field>
          <spirit:field>
            <spirit:name>CHAN1_INT_ST</spirit:name>
            <spirit:description>Channel 1 (ap_ready) Interrupt Status. 0 = No Channel 1 interrupt, 1 = Channel 1 interrupt.</spirit:description>
            <spirit:bitOffset>1</spirit:bitOffset>
            <spirit:bitWidth spirit:format="long">1</spirit:bitWidth>
            <spirit:access>read-only</spirit:access>
            <spirit:modifiedWriteValue>oneToToggle</spirit:modifiedWriteValue>
            <spirit:writeValueConstraint>
              <spirit:minimum>0</spirit:minimum>
              <spirit:maximum>0</spirit:maximum>
            </spirit:writeValueConstraint>
            <spirit:readAction>modify</spirit:readAction>
            <spirit:testable spirit:testConstraint="unconstrained">false</spirit:testable>
          </spirit:field>
          <spirit:field>
            <spirit:name>RESERVED_0</spirit:name>
            <spirit:description>Reserved.  0s on read.</spirit:description>
            <spirit:bitOffset>2</spirit:bitOffset>
            <spirit:bitWidth spirit:format="long">30</spirit:bitWidth>
            <spirit:access>read-only</spirit:access>
            <spirit:writeValueConstraint>
              <spirit:minimum>0</spirit:minimum>
              <spirit:maximum>0</spirit:maximum>
            </spirit:writeValueConstraint>
            <spirit:readAction>modify</spirit:readAction>
            <spirit:testable spirit:testConstraint="unconstrained">false</spirit:testable>
          </spirit:field>
        </spirit:register>
        <spirit:register>
          <spirit:name>ap_return</spirit:name>
          <spirit:displayName>ap_return</spirit:displayName>
          <spirit:description>Data signal of ap_return</spirit:description>
          <spirit:addressOffset>16</spirit:addressOffset>
          <spirit:size spirit:format="long">32</spirit:size>
          <spirit:access>read-only</spirit:access>
          <spirit:reset>
            <spirit:value spirit:format="long">0</spirit:value>
          </spirit:reset>
          <spirit:field>
            <spirit:name>ap_return</spirit:name>
            <spirit:description>Bit 31 to 0 of ap_return</spirit:description>
            <spirit:bitOffset>0</spirit:bitOffset>
            <spirit:bitWidth spirit:format="long">32</spirit:bitWidth>
            <spirit:access>read-only</spirit:access>
            <spirit:writeValueConstraint>
              <spirit:minimum>0</spirit:minimum>
              <spirit:maximum>0</spirit:maximum>
            </spirit:writeValueConstraint>
            <spirit:readAction>modify</spirit:readAction>
            <spirit:testable spirit:testConstraint="unconstrained">false</spirit:testable>
          </spirit:field>
        </spirit:register>
        <spirit:register>
          <spirit:name>gamma</spirit:name>
          <spirit:displayName>gamma</spirit:displayName>
          <spirit:description>Data signal of gamma</spirit:description>
          <spirit:addressOffset>24</spirit:addressOffset>
          <spirit:size spirit:format="long">32</spirit:size>
          <spirit:access>write-only</spirit:access>
          <spirit:reset>
            <spirit:value spirit:format="long">0</spirit:value>
          </spirit:reset>
          <spirit:field>
            <spirit:name>gamma</spirit:name>
            <spirit:description>Bit 31 to 0 of gamma</spirit:description>
            <spirit:bitOffset>0</spirit:bitOffset>
            <spirit:bitWidth spirit:format="long">32</spirit:bitWidth>
            <spirit:access>write-only</spirit:access>
            <spirit:writeValueConstraint>
              <spirit:minimum>0</spirit:minimum>
              <spirit:maximum>0</spirit:maximum>
            </spirit:writeValueConstraint>
            <spirit:testable spirit:testConstraint="unconstrained">false</spirit:testable>
          </spirit:field>
        </spirit:register>
        <spirit:register>
          <spirit:name>beta</spirit:name>
          <spirit:displayName>beta</spirit:displayName>
          <spirit:description>Data signal of beta</spirit:description>
          <spirit:addressOffset>32</spirit:addressOffset>
          <spirit:size spirit:format="long">32</spirit:size>
          <spirit:access>write-only</spirit:access>
          <spirit:reset>
            <spirit:value spirit:format="long">0</spirit:value>
          </spirit:reset>
          <spirit:field>
            <spirit:name>beta</spirit:name>
            <spirit:description>Bit 31 to 0 of beta</spirit:description>
            <spirit:bitOffset>0</spirit:bitOffset>
            <spirit:bitWidth spirit:format="long">32</spirit:bitWidth>
            <spirit:access>write-only</spirit:access>
            <spirit:writeValueConstraint>
              <spirit:minimum>0</spirit:minimum>
              <spirit:maximum>0</spirit:maximum>
            </spirit:writeValueConstraint>
            <spirit:testable spirit:testConstraint="unconstrained">false</spirit:testable>
          </spirit:field>
        </spirit:register>
        <spirit:register>
          <spirit:name>get_best_state</spirit:name>
          <spirit:displayName>get_best_state</spirit:displayName>
          <spirit:description>Data signal of get_best_state</spirit:description>
          <spirit:addressOffset>40</spirit:addressOffset>
          <spirit:size spirit:format="long">32</spirit:size>
          <spirit:access>write-only</spirit:access>
          <spirit:reset>
            <spirit:value spirit:format="long">0</spirit:value>
          </spirit:reset>
          <spirit:field>
            <spirit:name>get_best_state</spirit:name>
            <spirit:description>Bit 0 to 0 of get_best_state</spirit:description>
            <spirit:bitOffset>0</spirit:bitOffset>
            <spirit:bitWidth spirit:format="long">1</spirit:bitWidth>
            <spirit:access>write-only</spirit:access>
            <spirit:writeValueConstraint>
              <spirit:minimum>0</spirit:minimum>
              <spirit:maximum>0</spirit:maximum>
            </spirit:writeValueConstraint>
            <spirit:testable spirit:testConstraint="unconstrained">false</spirit:testable>
          </spirit:field>
          <spirit:field>
            <spirit:name>RESERVED</spirit:name>
            <spirit:description>Reserved.  0s on read.</spirit:description>
            <spirit:bitOffset>1</spirit:bitOffset>
            <spirit:bitWidth spirit:format="long">31</spirit:bitWidth>
            <spirit:access>read-only</spirit:access>
            <spirit:writeValueConstraint>
              <spirit:minimum>0</spirit:minimum>
              <spirit:maximum>0</spirit:maximum>
            </spirit:writeValueConstraint>
            <spirit:readAction>modify</spirit:readAction>
            <spirit:testable spirit:testConstraint="unconstrained">false</spirit:testable>
          </spirit:field>
        </spirit:register>
        <spirit:register>
          <spirit:name>best_state</spirit:name>
          <spirit:displayName>best_state</spirit:displayName>
          <spirit:description>Data signal of best_state</spirit:description>
          <spirit:addressOffset>48</spirit:addressOffset>
          <spirit:size spirit:format="long">32</spirit:size>
          <spirit:access>read-only</spirit:access>
          <spirit:reset>
            <spirit:value spirit:format="long">0</spirit:value>
          </spirit:reset>
          <spirit:field>
            <spirit:name>best_state</spirit:name>
            <spirit:description>Bit 31 to 0 of best_state</spirit:description>
            <spirit:bitOffset>0</spirit:bitOffset>
            <spirit:bitWidth spirit:format="long">32</spirit:bitWidth>
            <spirit:access>read-only</spirit:access>
            <spirit:writeValueConstraint>
              <spirit:minimum>0</spirit:minimum>
              <spirit:maximum>0</spirit:maximum>
            </spirit:writeValueConstraint>
            <spirit:readAction>modify</spirit:readAction>
            <spirit:testable spirit:testConstraint="unconstrained">false</spirit:testable>
          </spirit:field>
        </spirit:register>
        <spirit:register>
          <spirit:name>best_state_ctrl</spirit:name>
          <spirit:displayName>best_state_ctrl</spirit:displayName>
          <spirit:description>Control signal of best_state</spirit:description>
          <spirit:addressOffset>52</spirit:addressOffset>
          <spirit:size spirit:format="long">32</spirit:size>
          <spirit:access>read-only</spirit:access>
          <spirit:reset>
            <spirit:value spirit:format="long">0</spirit:value>
          </spirit:reset>
          <spirit:field>
            <spirit:name>best_state_ap_vld</spirit:name>
            <spirit:description>Control signal best_state_ap_vld</spirit:description>
            <spirit:bitOffset>0</spirit:bitOffset>
            <spirit:bitWidth spirit:format="long">1</spirit:bitWidth>
            <spirit:access>read-only</spirit:access>
            <spirit:writeValueConstraint>
              <spirit:minimum>0</spirit:minimum>
              <spirit:maximum>0</spirit:maximum>
            </spirit:writeValueConstraint>
            <spirit:readAction>modify</spirit:readAction>
            <spirit:testable spirit:testConstraint="unconstrained">false</spirit:testable>
          </spirit:field>
          <spirit:field>
            <spirit:name>RESERVED</spirit:name>
            <spirit:description>Reserved.  0s on read.</spirit:description>
            <spirit:bitOffset>1</spirit:bitOffset>
            <spirit:bitWidth spirit:format="long">31</spirit:bitWidth>
            <spirit:access>read-only</spirit:access>
            <spirit:writeValueConstraint>
              <spirit:minimum>0</spirit:minimum>
              <spirit:maximum>0</spirit:maximum>
            </spirit:writeValueConstraint>
            <spirit:readAction>modify</spirit:readAction>
            <spirit:testable spirit:testConstraint="unconstrained">false</spirit:testable>
          </spirit:field>
        </spirit:register>
        <spirit:register>
          <spirit:name>Memory_d</spirit:name>
          <spirit:displayName>Memory_d</spirit:displayName>
          <spirit:description>Memory d</spirit:description>
          <spirit:addressOffset>64</spirit:addressOffset>
          <spirit:size spirit:format="long">64</spirit:size>
          <spirit:access>read-write</spirit:access>
          <spirit:reset>
            <spirit:value spirit:format="long">0</spirit:value>
          </spirit:reset>
        </spirit:register>
      </spirit:addressBlock>
    </spirit:memoryMap>
  </spirit:memoryMaps>
  <spirit:model>
    <spirit:views>
      <spirit:view>
        <spirit:name>xilinx_verilogsynthesis</spirit:name>
        <spirit:displayName>Verilog Synthesis</spirit:displayName>
        <spirit:envIdentifier>verilogSource:vivado.xilinx.com:synthesis</spirit:envIdentifier>
        <spirit:language>verilog</spirit:language>
        <spirit:modelName>qaoa_kernel</spirit:modelName>
        <spirit:fileSetRef>
          <spirit:localName>xilinx_verilogsynthesis_view_fileset</spirit:localName>
        </spirit:fileSetRef>
        <spirit:parameters>
          <spirit:parameter>
            <spirit:name>viewChecksum</spirit:name>
            <spirit:value>3bce16d0</spirit:value>
          </spirit:parameter>
        </spirit:parameters>
      </spirit:view>
      <spirit:view>
        <spirit:name>xilinx_verilogbehavioralsimulation</spirit:name>
        <spirit:displayName>Verilog Simulation</spirit:displayName>
        <spirit:envIdentifier>verilogSource:vivado.xilinx.com:simulation</spirit:envIdentifier>
        <spirit:language>verilog</spirit:language>
        <spirit:modelName>qaoa_kernel</spirit:modelName>
        <spirit:fileSetRef>
          <spirit:localName>xilinx_verilogbehavioralsimulation_view_fileset</spirit:localName>
        </spirit:fileSetRef>
        <spirit:parameters>
          <spirit:parameter>
            <spirit:name>viewChecksum</spirit:name>
            <spirit:value>4d66323b</spirit:value>
          </spirit:parameter>
        </spirit:parameters>
      </spirit:view>
      <spirit:view>
        <spirit:name>xilinx_vhdlsynthesis</spirit:name>
        <spirit:displayName>VHDL Synthesis</spirit:displayName>
        <spirit:envIdentifier>vhdlSource:vivado.xilinx.com:synthesis</spirit:envIdentifier>
        <spirit:language>vhdl</spirit:language>
        <spirit:modelName>qaoa_kernel</spirit:modelName>
        <spirit:fileSetRef>
          <spirit:localName>xilinx_vhdlsynthesis_view_fileset</spirit:localName>
        </spirit:fileSetRef>
        <spirit:parameters>
          <spirit:parameter>
            <spirit:name>viewChecksum</spirit:name>
            <spirit:value>c554bfd2</spirit:value>
          </spirit:parameter>
        </spirit:parameters>
      </spirit:view>
      <spirit:view>
        <spirit:name>xilinx_vhdlbehavioralsimulation</spirit:name>
        <spirit:displayName>VHDL Simulation</spirit:displayName>
        <spirit:envIdentifier>vhdlSource:vivado.xilinx.com:simulation</spirit:envIdentifier>
        <spirit:language>vhdl</spirit:language>
        <spirit:modelName>qaoa_kernel</spirit:modelName>
        <spirit:fileSetRef>
          <spirit:localName>xilinx_vhdlbehavioralsimulation_view_fileset</spirit:localName>
        </spirit:fileSetRef>
        <spirit:parameters>
          <spirit:parameter>
            <spirit:name>viewChecksum</spirit:name>
            <spirit:value>222c8013</spirit:value>
          </spirit:parameter>
        </spirit:parameters>
      </spirit:view>
      <spirit:view>
        <spirit:name>xilinx_softwaredriver</spirit:name>
        <spirit:displayName>Software Driver</spirit:displayName>
        <spirit:envIdentifier>:vivado.xilinx.com:sw.driver</spirit:envIdentifier>
        <spirit:fileSetRef>
          <spirit:localName>xilinx_softwaredriver_view_fileset</spirit:localName>
        </spirit:fileSetRef>
        <spirit:parameters>
          <spirit:parameter>
            <spirit:name>viewChecksum</spirit:name>
            <spirit:value>f5b0ef6c</spirit:value>
          </spirit:parameter>
        </spirit:parameters>
      </spirit:view>
      <spirit:view>
        <spirit:name>xilinx_documentation</spirit:name>
        <spirit:displayName>Documentation</spirit:displayName>
        <spirit:envIdentifier>:vivado.xilinx.com:docs.all</spirit:envIdentifier>
        <spirit:fileSetRef>
          <spirit:localName>xilinx_documentation_view_fileset</spirit:localName>
        </spirit:fileSetRef>
      </spirit:view>
      <spirit:view>
        <spirit:name>xilinx_miscfiles</spirit:name>
        <spirit:displayName>Miscellaneous</spirit:displayName>
        <spirit:envIdentifier>:vivado.xilinx.com:misc.files</spirit:envIdentifier>
        <spirit:fileSetRef>
          <spirit:localName>xilinx_miscfiles_view_fileset</spirit:localName>
        </spirit:fileSetRef>
        <spirit:parameters>
          <spirit:parameter>
            <spirit:name>viewChecksum</spirit:name>
            <spirit:value>34797a57</spirit:value>
          </spirit:parameter>
        </spirit:parameters>
      </spirit:view>
      <spirit:view>
        <spirit:name>xilinx_xpgui</spirit:name>
        <spirit:displayName>UI Layout</spirit:displayName>
        <spirit:envIdentifier>:vivado.xilinx.com:xgui.ui</spirit:envIdentifier>
        <spirit:fileSetRef>
          <spirit:localName>xilinx_xpgui_view_fileset</spirit:localName>
        </spirit:fileSetRef>
        <spirit:parameters>
          <spirit:parameter>
            <spirit:name>viewChecksum</spirit:name>
            <spirit:value>f0a2ae16</spirit:value>
          </spirit:parameter>
        </spirit:parameters>
      </spirit:view>
      <spirit:view>
        <spirit:name>xilinx_utilityxitfiles</spirit:name>
        <spirit:displayName>Utility XIT/TTCL</spirit:displayName>
        <spirit:envIdentifier>:vivado.xilinx.com:xit.util</spirit:envIdentifier>
        <spirit:fileSetRef>
          <spirit:localName>xilinx_utilityxitfiles_view_fileset</spirit:localName>
        </spirit:fileSetRef>
        <spirit:parameters>
          <spirit:parameter>
            <spirit:name>viewChecksum</spirit:name>
            <spirit:value>34797a57</spirit:value>
          </spirit:parameter>
        </spirit:parameters>
      </spirit:view>
    </spirit:views>
    <spirit:ports>
      <spirit:port>
        <spirit:name>s_axi_control_ARADDR</spirit:name>
        <spirit:wire>
          <spirit:direction>in</spirit:direction>
          <spirit:vector>
            <spirit:left spirit:format="long" spirit:resolve="dependent" spirit:dependency="(spirit:decode(id(&apos;MODELPARAM_VALUE.C_S_AXI_CONTROL_ADDR_WIDTH&apos;)) - 1)">6</spirit:left>
            <spirit:right spirit:format="long">0</spirit:right>
          </spirit:vector>
          <spirit:wireTypeDefs>
            <spirit:wireTypeDef>
              <spirit:typeName>std_logic_vector</spirit:typeName>
              <spirit:viewNameRef>xilinx_verilogsynthesis</spirit:viewNameRef>
              <spirit:viewNameRef>xilinx_verilogbehavioralsimulation</spirit:viewNameRef>
            </spirit:wireTypeDef>
          </spirit:wireTypeDefs>
        </spirit:wire>
      </spirit:port>
      <spirit:port>
        <spirit:name>s_axi_control_ARREADY</spirit:name>
        <spirit:wire>
          <spirit:direction>out</spirit:direction>
          <spirit:wireTypeDefs>
            <spirit:wireTypeDef>
              <spirit:typeName>std_logic</spirit:typeName>
              <spirit:viewNameRef>xilinx_verilogsynthesis</spirit:viewNameRef>
              <spirit:viewNameRef>xilinx_verilogbehavioralsimulation</spirit:viewNameRef>
            </spirit:wireTypeDef>
          </spirit:wireTypeDefs>
        </spirit:wire>
      </spirit:port>
      <spirit:port>
        <spirit:name>s_axi_control_ARVALID</spirit:name>
        <spirit:wire>
          <spirit:direction>in</spirit:direction>
          <spirit:wireTypeDefs>
            <spirit:wireTypeDef>
              <spirit:typeName>std_logic</spirit:typeName>
              <spirit:viewNameRef>xilinx_verilogsynthesis</spirit:viewNameRef>
              <spirit:viewNameRef>xilinx_verilogbehavioralsimulation</spirit:viewNameRef>
            </spirit:wireTypeDef>
          </spirit:wireTypeDefs>
        </spirit:wire>
      </spirit:port>
      <spirit:port>
        <spirit:name>s_axi_control_AWADDR</spirit:name>
        <spirit:wire>
          <spirit:direction>in</spirit:direction>
          <spirit:vector>
            <spirit:left spirit:format="long" spirit:resolve="dependent" spirit:dependency="(spirit:decode(id(&apos;MODELPARAM_VALUE.C_S_AXI_CONTROL_ADDR_WIDTH&apos;)) - 1)">6</spirit:left>
            <spirit:right spirit:format="long">0</spirit:right>
          </spirit:vector>
          <spirit:wireTypeDefs>
            <spirit:wireTypeDef>
              <spirit:typeName>std_logic_vector</spirit:typeName>
              <spirit:viewNameRef>xilinx_verilogsynthesis</spirit:viewNameRef>
              <spirit:viewNameRef>xilinx_verilogbehavioralsimulation</spirit:viewNameRef>
            </spirit:wireTypeDef>
          </spirit:wireTypeDefs>
        </spirit:wire>
      </spirit:port>
      <spirit:port>
        <spirit:name>s_axi_control_AWREADY</spirit:name>
        <spirit:wire>
          <spirit:direction>out</spirit:direction>
          <spirit:wireTypeDefs>
            <spirit:wireTypeDef>
              <spirit:typeName>std_logic</spirit:typeName>
              <spirit:viewNameRef>xilinx_verilogsynthesis</spirit:viewNameRef>
              <spirit:viewNameRef>xilinx_verilogbehavioralsimulation</spirit:viewNameRef>
            </spirit:wireTypeDef>
          </spirit:wireTypeDefs>
        </spirit:wire>
      </spirit:port>
      <spirit:port>
        <spirit:name>s_axi_control_AWVALID</spirit:name>
        <spirit:wire>
          <spirit:direction>in</spirit:direction>
          <spirit:wireTypeDefs>
            <spirit:wireTypeDef>
              <spirit:typeName>std_logic</spirit:typeName>
              <spirit:viewNameRef>xilinx_verilogsynthesis</spirit:viewNameRef>
              <spirit:viewNameRef>xilinx_verilogbehavioralsimulation</spirit:viewNameRef>
            </spirit:wireTypeDef>
          </spirit:wireTypeDefs>
        </spirit:wire>
      </spirit:port>
      <spirit:port>
        <spirit:name>s_axi_control_BREADY</spirit:name>
        <spirit:wire>
          <spirit:direction>in</spirit:direction>
          <spirit:wireTypeDefs>
            <spirit:wireTypeDef>
              <spirit:typeName>std_logic</spirit:typeName>
              <spirit:viewNameRef>xilinx_verilogsynthesis</spirit:viewNameRef>
              <spirit:viewNameRef>xilinx_verilogbehavioralsimulation</spirit:viewNameRef>
            </spirit:wireTypeDef>
          </spirit:wireTypeDefs>
        </spirit:wire>
      </spirit:port>
      <spirit:port>
        <spirit:name>s_axi_control_BRESP</spirit:name>
        <spirit:wire>
          <spirit:direction>out</spirit:direction>
          <spirit:vector>
            <spirit:left spirit:format="long">1</spirit:left>
            <spirit:right spirit:format="long">0</spirit:right>
          </spirit:vector>
          <spirit:wireTypeDefs>
            <spirit:wireTypeDef>
              <spirit:typeName>std_logic_vector</spirit:typeName>
              <spirit:viewNameRef>xilinx_verilogsynthesis</spirit:viewNameRef>
              <spirit:viewNameRef>xilinx_verilogbehavioralsimulation</spirit:viewNameRef>
            </spirit:wireTypeDef>
          </spirit:wireTypeDefs>
        </spirit:wire>
      </spirit:port>
      <spirit:port>
        <spirit:name>s_axi_control_BVALID</spirit:name>
        <spirit:wire>
          <spirit:direction>out</spirit:direction>
          <spirit:wireTypeDefs>
            <spirit:wireTypeDef>
              <spirit:typeName>std_logic</spirit:typeName>
              <spirit:viewNameRef>xilinx_verilogsynthesis</spirit:viewNameRef>
              <spirit:viewNameRef>xilinx_verilogbehavioralsimulation</spirit:viewNameRef>
            </spirit:wireTypeDef>
          </spirit:wireTypeDefs>
        </spirit:wire>
      </spirit:port>
      <spirit:port>
        <spirit:name>s_axi_control_RDATA</spirit:name>
        <spirit:wire>
          <spirit:direction>out</spirit:direction>
          <spirit:vector>
            <spirit:left spirit:format="long" spirit:resolve="dependent" spirit:dependency="(spirit:decode(id(&apos;MODELPARAM_VALUE.C_S_AXI_CONTROL_DATA_WIDTH&apos;)) - 1)">31</spirit:left>
            <spirit:right spirit:format="long">0</spirit:right>
          </spirit:vector>
          <spirit:wireTypeDefs>
            <spirit:wireTypeDef>
              <spirit:typeName>std_logic_vector</spirit:typeName>
              <spirit:viewNameRef>xilinx_verilogsynthesis</spirit:viewNameRef>
              <spirit:viewNameRef>xilinx_verilogbehavioralsimulation</spirit:viewNameRef>
            </spirit:wireTypeDef>
          </spirit:wireTypeDefs>
        </spirit:wire>
      </spirit:port>
      <spirit:port>
        <spirit:name>s_axi_control_RREADY</spirit:name>
        <spirit:wire>
          <spirit:direction>in</spirit:direction>
          <spirit:wireTypeDefs>
            <spirit:wireTypeDef>
              <spirit:typeName>std_logic</spirit:typeName>
              <spirit:viewNameRef>xilinx_verilogsynthesis</spirit:viewNameRef>
              <spirit:viewNameRef>xilinx_verilogbehavioralsimulation</spirit:viewNameRef>
            </spirit:wireTypeDef>
          </spirit:wireTypeDefs>
        </spirit:wire>
      </spirit:port>
      <spirit:port>
        <spirit:name>s_axi_control_RRESP</spirit:name>
        <spirit:wire>
          <spirit:direction>out</spirit:direction>
          <spirit:vector>
            <spirit:left spirit:format="long">1</spirit:left>
            <spirit:right spirit:format="long">0</spirit:right>
          </spirit:vector>
          <spirit:wireTypeDefs>
            <spirit:wireTypeDef>
              <spirit:typeName>std_logic_vector</spirit:typeName>
              <spirit:viewNameRef>xilinx_verilogsynthesis</spirit:viewNameRef>
              <spirit:viewNameRef>xilinx_verilogbehavioralsimulation</spirit:viewNameRef>
            </spirit:wireTypeDef>
          </spirit:wireTypeDefs>
        </spirit:wire>
      </spirit:port>
      <spirit:port>
        <spirit:name>s_axi_control_RVALID</spirit:name>
        <spirit:wire>
          <spirit:direction>out</spirit:direction>
          <spirit:wireTypeDefs>
            <spirit:wireTypeDef>
              <spirit:typeName>std_logic</spirit:typeName>
              <spirit:viewNameRef>xilinx_verilogsynthesis</spirit:viewNameRef>
              <spirit:viewNameRef>xilinx_verilogbehavioralsimulation</spirit:viewNameRef>
            </spirit:wireTypeDef>
          </spirit:wireTypeDefs>
        </spirit:wire>
      </spirit:port>
      <spirit:port>
        <spirit:name>s_axi_control_WDATA</spirit:name>
        <spirit:wire>
          <spirit:direction>in</spirit:direction>
          <spirit:vector>
            <spirit:left spirit:format="long" spirit:resolve="dependent" spirit:dependency="(spirit:decode(id(&apos;MODELPARAM_VALUE.C_S_AXI_CONTROL_DATA_WIDTH&apos;)) - 1)">31</spirit:left>
            <spirit:right spirit:format="long">0</spirit:right>
          </spirit:vector>
          <spirit:wireTypeDefs>
            <spirit:wireTypeDef>
              <spirit:typeName>std_logic_vector</spirit:typeName>
              <spirit:viewNameRef>xilinx_verilogsynthesis</spirit:viewNameRef>
              <spirit:viewNameRef>xilinx_verilogbehavioralsimulation</spirit:viewNameRef>
            </spirit:wireTypeDef>
          </spirit:wireTypeDefs>
        </spirit:wire>
      </spirit:port>
      <spirit:port>
        <spirit:name>s_axi_control_WREADY</spirit:name>
        <spirit:wire>
          <spirit:direction>out</spirit:direction>
          <spirit:wireTypeDefs>
            <spirit:wireTypeDef>
              <spirit:typeName>std_logic</spirit:typeName>
              <spirit:viewNameRef>xilinx_verilogsynthesis</spirit:viewNameRef>
              <spirit:viewNameRef>xilinx_verilogbehavioralsimulation</spirit:viewNameRef>
            </spirit:wireTypeDef>
          </spirit:wireTypeDefs>
        </spirit:wire>
      </spirit:port>
      <spirit:port>
        <spirit:name>s_axi_control_WSTRB</spirit:name>
        <spirit:wire>
          <spirit:direction>in</spirit:direction>
          <spirit:vector>
            <spirit:left spirit:format="long" spirit:resolve="dependent" spirit:dependency="((spirit:decode(id(&apos;MODELPARAM_VALUE.C_S_AXI_CONTROL_DATA_WIDTH&apos;)) div 8) - 1)">3</spirit:left>
            <spirit:right spirit:format="long">0</spirit:right>
          </spirit:vector>
          <spirit:wireTypeDefs>
            <spirit:wireTypeDef>
              <spirit:typeName>std_logic_vector</spirit:typeName>
              <spirit:viewNameRef>xilinx_verilogsynthesis</spirit:viewNameRef>
              <spirit:viewNameRef>xilinx_verilogbehavioralsimulation</spirit:viewNameRef>
            </spirit:wireTypeDef>
          </spirit:wireTypeDefs>
        </spirit:wire>
      </spirit:port>
      <spirit:port>
        <spirit:name>s_axi_control_WVALID</spirit:name>
        <spirit:wire>
          <spirit:direction>in</spirit:direction>
          <spirit:wireTypeDefs>
            <spirit:wireTypeDef>
              <spirit:typeName>std_logic</spirit:typeName>
              <spirit:viewNameRef>xilinx_verilogsynthesis</spirit:viewNameRef>
              <spirit:viewNameRef>xilinx_verilogbehavioralsimulation</spirit:viewNameRef>
            </spirit:wireTypeDef>
          </spirit:wireTypeDefs>
        </spirit:wire>
      </spirit:port>
      <spirit:port>
        <spirit:name>ap_clk</spirit:name>
        <spirit:wire>
          <spirit:direction>in</spirit:direction>
          <spirit:wireTypeDefs>
            <spirit:wireTypeDef>
              <spirit:typeName>std_logic</spirit:typeName>
              <spirit:viewNameRef>xilinx_verilogsynthesis</spirit:viewNameRef>
              <spirit:viewNameRef>xilinx_verilogbehavioralsimulation</spirit:viewNameRef>
            </spirit:wireTypeDef>
          </spirit:wireTypeDefs>
        </spirit:wire>
      </spirit:port>
      <spirit:port>
        <spirit:name>ap_rst_n</spirit:name>
        <spirit:wire>
          <spirit:direction>in</spirit:direction>
          <spirit:wireTypeDefs>
            <spirit:wireTypeDef>
              <spirit:typeName>std_logic</spirit:typeName>
              <spirit:viewNameRef>xilinx_verilogsynthesis</spirit:viewNameRef>
              <spirit:viewNameRef>xilinx_verilogbehavioralsimulation</spirit:viewNameRef>
            </spirit:wireTypeDef>
          </spirit:wireTypeDefs>
        </spirit:wire>
      </spirit:port>
      <spirit:port>
        <spirit:name>interrupt</spirit:name>
        <spirit:wire>
          <spirit:direction>out</spirit:direction>
          <spirit:wireTypeDefs>
            <spirit:wireTypeDef>
              <spirit:typeName>std_logic</spirit:typeName>
              <spirit:viewNameRef>xilinx_verilogsynthesis</spirit:viewNameRef>
              <spirit:viewNameRef>xilinx_verilogbehavioralsimulation</spirit:viewNameRef>
            </spirit:wireTypeDef>
          </spirit:wireTypeDefs>
        </spirit:wire>
      </spirit:port>
    </spirit:ports>
    <spirit:modelParameters>
      <spirit:modelParameter xsi:type="spirit:nameValueTypeType" spirit:dataType="integer">
        <spirit:name>C_S_AXI_CONTROL_ADDR_WIDTH</spirit:name>
        <spirit:value spirit:format="long" spirit:resolve="generated" spirit:id="MODELPARAM_VALUE.C_S_AXI_CONTROL_ADDR_WIDTH">7</spirit:value>
      </spirit:modelParameter>
      <spirit:modelParameter spirit:dataType="integer">
        <spirit:name>C_S_AXI_CONTROL_DATA_WIDTH</spirit:name>
        <spirit:value spirit:format="long" spirit:id="MODELPARAM_VALUE.C_S_AXI_CONTROL_DATA_WIDTH">32</spirit:value>
      </spirit:modelParameter>
    </spirit:modelParameters>
  </spirit:model>
  <spirit:fileSets>
    <spirit:fileSet>
      <spirit:name>xilinx_verilogsynthesis_view_fileset</spirit:name>
      <spirit:file>
        <spirit:name>constraints/qaoa_kernel_ooc.xdc</spirit:name>
        <spirit:userFileType>xdc</spirit:userFileType>
        <spirit:userFileType>USED_IN_out_of_context</spirit:userFileType>
      </spirit:file>
      <spirit:file>
        <spirit:name>hdl/verilog/qaoa_kernel_applyCost_hls_3_s.v</spirit:name>
        <spirit:fileType>verilogSource</spirit:fileType>
      </spirit:file>
      <spirit:file>
        <spirit:name>hdl/verilog/qaoa_kernel_applyCost_hls_3_s_cordic_apfixed_circ_table_arctan_128_ROM_AUTO_1R.dat</spirit:name>
        <spirit:userFileType>mif</spirit:userFileType>
      </spirit:file>
      <spirit:file>
        <spirit:name>hdl/verilog/qaoa_kernel_applyCost_hls_3_s_cordic_apfixed_circ_table_arctan_128_ROM_AUTO_1R.v</spirit:name>
        <spirit:fileType>verilogSource</spirit:fileType>
      </spirit:file>
      <spirit:file>
        <spirit:name>hdl/verilog/qaoa_kernel_applyMixer_hls_3_Pipeline_2.v</spirit:name>
        <spirit:fileType>verilogSource</spirit:fileType>
      </spirit:file>
      <spirit:file>
        <spirit:name>hdl/verilog/qaoa_kernel_applyMixer_hls_3_Pipeline_3.v</spirit:name>
        <spirit:fileType>verilogSource</spirit:fileType>
      </spirit:file>
      <spirit:file>
        <spirit:name>hdl/verilog/qaoa_kernel_applyMixer_hls_3_Pipeline_VITIS_LOOP_61_1.v</spirit:name>
        <spirit:fileType>verilogSource</spirit:fileType>
      </spirit:file>
      <spirit:file>
        <spirit:name>hdl/verilog/qaoa_kernel_applyMixer_hls_3_Pipeline_VITIS_LOOP_116_1.v</spirit:name>
        <spirit:fileType>verilogSource</spirit:fileType>
      </spirit:file>
      <spirit:file>
        <spirit:name>hdl/verilog/qaoa_kernel_applyMixer_hls_3_Pipeline_VITIS_LOOP_134_5.v</spirit:name>
        <spirit:fileType>verilogSource</spirit:fileType>
      </spirit:file>
      <spirit:file>
        <spirit:name>hdl/verilog/qaoa_kernel_applyMixer_hls_3_Pipeline_VITIS_LOOP_140_6.v</spirit:name>
        <spirit:fileType>verilogSource</spirit:fileType>
      </spirit:file>
      <spirit:file>
        <spirit:name>hdl/verilog/qaoa_kernel_applyMixer_hls_3_Pipeline_VITIS_LOOP_166_7.v</spirit:name>
        <spirit:fileType>verilogSource</spirit:fileType>
      </spirit:file>
      <spirit:file>
        <spirit:name>hdl/verilog/qaoa_kernel_applyMixer_hls_3_s.v</spirit:name>
        <spirit:fileType>verilogSource</spirit:fileType>
      </spirit:file>
      <spirit:file>
        <spirit:name>hdl/verilog/qaoa_kernel_applyMixer_hls_3_s_bufA_re_RAM_2P_BRAM_1R1W.v</spirit:name>
        <spirit:fileType>verilogSource</spirit:fileType>
      </spirit:file>
      <spirit:file>
        <spirit:name>hdl/verilog/qaoa_kernel_bitselect_1ns_32ns_32s_1_1_1.v</spirit:name>
        <spirit:fileType>verilogSource</spirit:fileType>
      </spirit:file>
      <spirit:file>
        <spirit:name>hdl/verilog/qaoa_kernel_Block_entry_proc_proc.v</spirit:name>
        <spirit:fileType>verilogSource</spirit:fileType>
      </spirit:file>
      <spirit:file>
        <spirit:name>hdl/verilog/qaoa_kernel_Block_entry_state_re_wr_d_rd_proc.v</spirit:name>
        <spirit:fileType>verilogSource</spirit:fileType>
      </spirit:file>
      <spirit:file>
        <spirit:name>hdl/verilog/qaoa_kernel_Block_entry_state_re_wr_d_rd_proc_Pipeline_1.v</spirit:name>
        <spirit:fileType>verilogSource</spirit:fileType>
      </spirit:file>
      <spirit:file>
        <spirit:name>hdl/verilog/qaoa_kernel_Block_entry_state_re_wr_d_rd_proc_state_im_i_RAM_2P_BRAM_1R1W.v</spirit:name>
        <spirit:fileType>verilogSource</spirit:fileType>
      </spirit:file>
      <spirit:file>
        <spirit:name>hdl/verilog/qaoa_kernel_build_feasible_superposition_3_s.v</spirit:name>
        <spirit:fileType>verilogSource</spirit:fileType>
      </spirit:file>
      <spirit:file>
        <spirit:name>hdl/verilog/qaoa_kernel_control_s_axi.v</spirit:name>
        <spirit:fileType>verilogSource</spirit:fileType>
      </spirit:file>
      <spirit:file>
        <spirit:name>hdl/verilog/qaoa_kernel_costHamiltonian_3_s.v</spirit:name>
        <spirit:fileType>verilogSource</spirit:fileType>
      </spirit:file>
      <spirit:file>
        <spirit:name>hdl/verilog/qaoa_kernel_ctlz_32_32_1_1.v</spirit:name>
        <spirit:fileType>verilogSource</spirit:fileType>
      </spirit:file>
      <spirit:file>
        <spirit:name>hdl/verilog/qaoa_kernel_expectation_cost_3_Pipeline_VITIS_LOOP_177_1.v</spirit:name>
        <spirit:fileType>verilogSource</spirit:fileType>
      </spirit:file>
      <spirit:file>
        <spirit:name>hdl/verilog/qaoa_kernel_expectation_cost_3_s.v</spirit:name>
        <spirit:fileType>verilogSource</spirit:fileType>
      </spirit:file>
      <spirit:file>
        <spirit:name>hdl/verilog/qaoa_kernel_fifo_w32_d2_S.v</spirit:name>
        <spirit:fileType>verilogSource</spirit:fileType>
      </spirit:file>
      <spirit:file>
        <spirit:name>hdl/verilog/qaoa_kernel_flow_control_loop_pipe_sequential_init.v</spirit:name>
        <spirit:fileType>verilogSource</spirit:fileType>
      </spirit:file>
      <spirit:file>
        <spirit:name>hdl/verilog/qaoa_kernel_hls_deadlock_detection_unit.v</spirit:name>
        <spirit:fileType>verilogSource</spirit:fileType>
      </spirit:file>
      <spirit:file>
        <spirit:name>hdl/verilog/qaoa_kernel_hls_deadlock_detector.vh</spirit:name>
        <spirit:fileType>verilogSource</spirit:fileType>
      </spirit:file>
      <spirit:file>
        <spirit:name>hdl/verilog/qaoa_kernel_hls_deadlock_report_unit.vh</spirit:name>
        <spirit:fileType>verilogSource</spirit:fileType>
      </spirit:file>
      <spirit:file>
        <spirit:name>hdl/verilog/qaoa_kernel_mul_11ns_33ns_34_2_1.v</spirit:name>
        <spirit:fileType>verilogSource</spirit:fileType>
      </spirit:file>
      <spirit:file>
        <spirit:name>hdl/verilog/qaoa_kernel_mul_12ns_65ns_66_5_1.v</spirit:name>
        <spirit:fileType>verilogSource</spirit:fileType>
      </spirit:file>
      <spirit:file>
        <spirit:name>hdl/verilog/qaoa_kernel_mul_32ns_46ns_76_3_1.v</spirit:name>
        <spirit:fileType>verilogSource</spirit:fileType>
      </spirit:file>
      <spirit:file>
        <spirit:name>hdl/verilog/qaoa_kernel_mul_32s_22s_52_2_1.v</spirit:name>
        <spirit:fileType>verilogSource</spirit:fileType>
      </spirit:file>
      <spirit:file>
        <spirit:name>hdl/verilog/qaoa_kernel_mul_32s_32s_52_2_1.v</spirit:name>
        <spirit:fileType>verilogSource</spirit:fileType>
      </spirit:file>
      <spirit:file>
        <spirit:name>hdl/verilog/qaoa_kernel_mul_49s_23s_68_3_1.v</spirit:name>
        <spirit:fileType>verilogSource</spirit:fileType>
      </spirit:file>
      <spirit:file>
        <spirit:name>hdl/verilog/qaoa_kernel_mul_49s_23s_68_3_1_x.v</spirit:name>
        <spirit:fileType>verilogSource</spirit:fileType>
      </spirit:file>
      <spirit:file>
        <spirit:name>hdl/verilog/qaoa_kernel_mul_53ns_90ns_141_5_1.v</spirit:name>
        <spirit:fileType>verilogSource</spirit:fileType>
      </spirit:file>
      <spirit:file>
        <spirit:name>hdl/verilog/qaoa_kernel_qaoaStep_hls_3_1_s.v</spirit:name>
        <spirit:fileType>verilogSource</spirit:fileType>
      </spirit:file>
      <spirit:file>
        <spirit:name>hdl/verilog/qaoa_kernel_sparsemux_7_2_33_1_1.v</spirit:name>
        <spirit:fileType>verilogSource</spirit:fileType>
      </spirit:file>
      <spirit:file>
        <spirit:name>hdl/verilog/qaoa_kernel_sparsemux_7_2_65_1_1.v</spirit:name>
        <spirit:fileType>verilogSource</spirit:fileType>
      </spirit:file>
      <spirit:file>
        <spirit:name>hdl/verilog/qaoa_kernel.v</spirit:name>
        <spirit:fileType>verilogSource</spirit:fileType>
      </spirit:file>
    </spirit:fileSet>
    <spirit:fileSet>
      <spirit:name>xilinx_verilogbehavioralsimulation_view_fileset</spirit:name>
      <spirit:file>
        <spirit:name>hdl/verilog/qaoa_kernel_applyCost_hls_3_s.v</spirit:name>
        <spirit:fileType>verilogSource</spirit:fileType>
        <spirit:userFileType>USED_IN_ipstatic</spirit:userFileType>
      </spirit:file>
      <spirit:file>
        <spirit:name>hdl/verilog/qaoa_kernel_applyCost_hls_3_s_cordic_apfixed_circ_table_arctan_128_ROM_AUTO_1R.dat</spirit:name>
        <spirit:userFileType>mif</spirit:userFileType>
      </spirit:file>
      <spirit:file>
        <spirit:name>hdl/verilog/qaoa_kernel_applyCost_hls_3_s_cordic_apfixed_circ_table_arctan_128_ROM_AUTO_1R.v</spirit:name>
        <spirit:fileType>verilogSource</spirit:fileType>
        <spirit:userFileType>USED_IN_ipstatic</spirit:userFileType>
      </spirit:file>
      <spirit:file>
        <spirit:name>hdl/verilog/qaoa_kernel_applyMixer_hls_3_Pipeline_2.v</spirit:name>
        <spirit:fileType>verilogSource</spirit:fileType>
        <spirit:userFileType>USED_IN_ipstatic</spirit:userFileType>
      </spirit:file>
      <spirit:file>
        <spirit:name>hdl/verilog/qaoa_kernel_applyMixer_hls_3_Pipeline_3.v</spirit:name>
        <spirit:fileType>verilogSource</spirit:fileType>
        <spirit:userFileType>USED_IN_ipstatic</spirit:userFileType>
      </spirit:file>
      <spirit:file>
        <spirit:name>hdl/verilog/qaoa_kernel_applyMixer_hls_3_Pipeline_VITIS_LOOP_61_1.v</spirit:name>
        <spirit:fileType>verilogSource</spirit:fileType>
        <spirit:userFileType>USED_IN_ipstatic</spirit:userFileType>
      </spirit:file>
      <spirit:file>
        <spirit:name>hdl/verilog/qaoa_kernel_applyMixer_hls_3_Pipeline_VITIS_LOOP_116_1.v</spirit:name>
        <spirit:fileType>verilogSource</spirit:fileType>
        <spirit:userFileType>USED_IN_ipstatic</spirit:userFileType>
      </spirit:file>
      <spirit:file>
        <spirit:name>hdl/verilog/qaoa_kernel_applyMixer_hls_3_Pipeline_VITIS_LOOP_134_5.v</spirit:name>
        <spirit:fileType>verilogSource</spirit:fileType>
        <spirit:userFileType>USED_IN_ipstatic</spirit:userFileType>
      </spirit:file>
      <spirit:file>
        <spirit:name>hdl/verilog/qaoa_kernel_applyMixer_hls_3_Pipeline_VITIS_LOOP_140_6.v</spirit:name>
        <spirit:fileType>verilogSource</spirit:fileType>
        <spirit:userFileType>USED_IN_ipstatic</spirit:userFileType>
      </spirit:file>
      <spirit:file>
        <spirit:name>hdl/verilog/qaoa_kernel_applyMixer_hls_3_Pipeline_VITIS_LOOP_166_7.v</spirit:name>
        <spirit:fileType>verilogSource</spirit:fileType>
        <spirit:userFileType>USED_IN_ipstatic</spirit:userFileType>
      </spirit:file>
      <spirit:file>
        <spirit:name>hdl/verilog/qaoa_kernel_applyMixer_hls_3_s.v</spirit:name>
        <spirit:fileType>verilogSource</spirit:fileType>
        <spirit:userFileType>USED_IN_ipstatic</spirit:userFileType>
      </spirit:file>
      <spirit:file>
        <spirit:name>hdl/verilog/qaoa_kernel_applyMixer_hls_3_s_bufA_re_RAM_2P_BRAM_1R1W.v</spirit:name>
        <spirit:fileType>verilogSource</spirit:fileType>
        <spirit:userFileType>USED_IN_ipstatic</spirit:userFileType>
      </spirit:file>
      <spirit:file>
        <spirit:name>hdl/verilog/qaoa_kernel_bitselect_1ns_32ns_32s_1_1_1.v</spirit:name>
        <spirit:fileType>verilogSource</spirit:fileType>
        <spirit:userFileType>USED_IN_ipstatic</spirit:userFileType>
      </spirit:file>
      <spirit:file>
        <spirit:name>hdl/verilog/qaoa_kernel_Block_entry_proc_proc.v</spirit:name>
        <spirit:fileType>verilogSource</spirit:fileType>
        <spirit:userFileType>USED_IN_ipstatic</spirit:userFileType>
      </spirit:file>
      <spirit:file>
        <spirit:name>hdl/verilog/qaoa_kernel_Block_entry_state_re_wr_d_rd_proc.v</spirit:name>
        <spirit:fileType>verilogSource</spirit:fileType>
        <spirit:userFileType>USED_IN_ipstatic</spirit:userFileType>
      </spirit:file>
      <spirit:file>
        <spirit:name>hdl/verilog/qaoa_kernel_Block_entry_state_re_wr_d_rd_proc_Pipeline_1.v</spirit:name>
        <spirit:fileType>verilogSource</spirit:fileType>
        <spirit:userFileType>USED_IN_ipstatic</spirit:userFileType>
      </spirit:file>
      <spirit:file>
        <spirit:name>hdl/verilog/qaoa_kernel_Block_entry_state_re_wr_d_rd_proc_state_im_i_RAM_2P_BRAM_1R1W.v</spirit:name>
        <spirit:fileType>verilogSource</spirit:fileType>
        <spirit:userFileType>USED_IN_ipstatic</spirit:userFileType>
      </spirit:file>
      <spirit:file>
        <spirit:name>hdl/verilog/qaoa_kernel_build_feasible_superposition_3_s.v</spirit:name>
        <spirit:fileType>verilogSource</spirit:fileType>
        <spirit:userFileType>USED_IN_ipstatic</spirit:userFileType>
      </spirit:file>
      <spirit:file>
        <spirit:name>hdl/verilog/qaoa_kernel_control_s_axi.v</spirit:name>
        <spirit:fileType>verilogSource</spirit:fileType>
        <spirit:userFileType>USED_IN_ipstatic</spirit:userFileType>
      </spirit:file>
      <spirit:file>
        <spirit:name>hdl/verilog/qaoa_kernel_costHamiltonian_3_s.v</spirit:name>
        <spirit:fileType>verilogSource</spirit:fileType>
        <spirit:userFileType>USED_IN_ipstatic</spirit:userFileType>
      </spirit:file>
      <spirit:file>
        <spirit:name>hdl/verilog/qaoa_kernel_ctlz_32_32_1_1.v</spirit:name>
        <spirit:fileType>verilogSource</spirit:fileType>
        <spirit:userFileType>USED_IN_ipstatic</spirit:userFileType>
      </spirit:file>
      <spirit:file>
        <spirit:name>hdl/verilog/qaoa_kernel_expectation_cost_3_Pipeline_VITIS_LOOP_177_1.v</spirit:name>
        <spirit:fileType>verilogSource</spirit:fileType>
        <spirit:userFileType>USED_IN_ipstatic</spirit:userFileType>
      </spirit:file>
      <spirit:file>
        <spirit:name>hdl/verilog/qaoa_kernel_expectation_cost_3_s.v</spirit:name>
        <spirit:fileType>verilogSource</spirit:fileType>
        <spirit:userFileType>USED_IN_ipstatic</spirit:userFileType>
      </spirit:file>
      <spirit:file>
        <spirit:name>hdl/verilog/qaoa_kernel_fifo_w32_d2_S.v</spirit:name>
        <spirit:fileType>verilogSource</spirit:fileType>
        <spirit:userFileType>USED_IN_ipstatic</spirit:userFileType>
      </spirit:file>
      <spirit:file>
        <spirit:name>hdl/verilog/qaoa_kernel_flow_control_loop_pipe_sequential_init.v</spirit:name>
        <spirit:fileType>verilogSource</spirit:fileType>
        <spirit:userFileType>USED_IN_ipstatic</spirit:userFileType>
      </spirit:file>
      <spirit:file>
        <spirit:name>hdl/verilog/qaoa_kernel_hls_deadlock_detection_unit.v</spirit:name>
        <spirit:fileType>verilogSource</spirit:fileType>
        <spirit:userFileType>USED_IN_ipstatic</spirit:userFileType>
      </spirit:file>
      <spirit:file>
        <spirit:name>hdl/verilog/qaoa_kernel_hls_deadlock_detector.vh</spirit:name>
        <spirit:fileType>verilogSource</spirit:fileType>
        <spirit:userFileType>USED_IN_ipstatic</spirit:userFileType>
      </spirit:file>
      <spirit:file>
        <spirit:name>hdl/verilog/qaoa_kernel_hls_deadlock_report_unit.vh</spirit:name>
        <spirit:fileType>verilogSource</spirit:fileType>
        <spirit:userFileType>USED_IN_ipstatic</spirit:userFileType>
      </spirit:file>
      <spirit:file>
        <spirit:name>hdl/verilog/qaoa_kernel_mul_11ns_33ns_34_2_1.v</spirit:name>
        <spirit:fileType>verilogSource</spirit:fileType>
        <spirit:userFileType>USED_IN_ipstatic</spirit:userFileType>
      </spirit:file>
      <spirit:file>
        <spirit:name>hdl/verilog/qaoa_kernel_mul_12ns_65ns_66_5_1.v</spirit:name>
        <spirit:fileType>verilogSource</spirit:fileType>
        <spirit:userFileType>USED_IN_ipstatic</spirit:userFileType>
      </spirit:file>
      <spirit:file>
        <spirit:name>hdl/verilog/qaoa_kernel_mul_32ns_46ns_76_3_1.v</spirit:name>
        <spirit:fileType>verilogSource</spirit:fileType>
        <spirit:userFileType>USED_IN_ipstatic</spirit:userFileType>
      </spirit:file>
      <spirit:file>
        <spirit:name>hdl/verilog/qaoa_kernel_mul_32s_22s_52_2_1.v</spirit:name>
        <spirit:fileType>verilogSource</spirit:fileType>
        <spirit:userFileType>USED_IN_ipstatic</spirit:userFileType>
      </spirit:file>
      <spirit:file>
        <spirit:name>hdl/verilog/qaoa_kernel_mul_32s_32s_52_2_1.v</spirit:name>
        <spirit:fileType>verilogSource</spirit:fileType>
        <spirit:userFileType>USED_IN_ipstatic</spirit:userFileType>
      </spirit:file>
      <spirit:file>
        <spirit:name>hdl/verilog/qaoa_kernel_mul_49s_23s_68_3_1.v</spirit:name>
        <spirit:fileType>verilogSource</spirit:fileType>
        <spirit:userFileType>USED_IN_ipstatic</spirit:userFileType>
      </spirit:file>
      <spirit:file>
        <spirit:name>hdl/verilog/qaoa_kernel_mul_49s_23s_68_3_1_x.v</spirit:name>
        <spirit:fileType>verilogSource</spirit:fileType>
        <spirit:userFileType>USED_IN_ipstatic</spirit:userFileType>
      </spirit:file>
      <spirit:file>
        <spirit:name>hdl/verilog/qaoa_kernel_mul_53ns_90ns_141_5_1.v</spirit:name>
        <spirit:fileType>verilogSource</spirit:fileType>
        <spirit:userFileType>USED_IN_ipstatic</spirit:userFileType>
      </spirit:file>
      <spirit:file>
        <spirit:name>hdl/verilog/qaoa_kernel_qaoaStep_hls_3_1_s.v</spirit:name>
        <spirit:fileType>verilogSource</spirit:fileType>
        <spirit:userFileType>USED_IN_ipstatic</spirit:userFileType>
      </spirit:file>
      <spirit:file>
        <spirit:name>hdl/verilog/qaoa_kernel_sparsemux_7_2_33_1_1.v</spirit:name>
        <spirit:fileType>verilogSource</spirit:fileType>
        <spirit:userFileType>USED_IN_ipstatic</spirit:userFileType>
      </spirit:file>
      <spirit:file>
        <spirit:name>hdl/verilog/qaoa_kernel_sparsemux_7_2_65_1_1.v</spirit:name>
        <spirit:fileType>verilogSource</spirit:fileType>
        <spirit:userFileType>USED_IN_ipstatic</spirit:userFileType>
      </spirit:file>
      <spirit:file>
        <spirit:name>hdl/verilog/qaoa_kernel.v</spirit:name>
        <spirit:fileType>verilogSource</spirit:fileType>
        <spirit:userFileType>USED_IN_ipstatic</spirit:userFileType>
      </spirit:file>
    </spirit:fileSet>
    <spirit:fileSet>
      <spirit:name>xilinx_vhdlsynthesis_view_fileset</spirit:name>
      <spirit:file>
        <spirit:name>constraints/qaoa_kernel_ooc.xdc</spirit:name>
        <spirit:userFileType>xdc</spirit:userFileType>
        <spirit:userFileType>USED_IN_out_of_context</spirit:userFileType>
      </spirit:file>
      <spirit:file>
        <spirit:name>hdl/vhdl/qaoa_kernel_applyCost_hls_3_s.vhd</spirit:name>
        <spirit:fileType>vhdlSource</spirit:fileType>
      </spirit:file>
      <spirit:file>
        <spirit:name>hdl/vhdl/qaoa_kernel_applyCost_hls_3_s_cordic_apfixed_circ_table_arctan_128_ROM_AUTO_1R.vhd</spirit:name>
        <spirit:fileType>vhdlSource</spirit:fileType>
      </spirit:file>
      <spirit:file>
        <spirit:name>hdl/vhdl/qaoa_kernel_applyMixer_hls_3_Pipeline_2.vhd</spirit:name>
        <spirit:fileType>vhdlSource</spirit:fileType>
      </spirit:file>
      <spirit:file>
        <spirit:name>hdl/vhdl/qaoa_kernel_applyMixer_hls_3_Pipeline_3.vhd</spirit:name>
        <spirit:fileType>vhdlSource</spirit:fileType>
      </spirit:file>
      <spirit:file>
        <spirit:name>hdl/vhdl/qaoa_kernel_applyMixer_hls_3_Pipeline_VITIS_LOOP_61_1.vhd</spirit:name>
        <spirit:fileType>vhdlSource</spirit:fileType>
      </spirit:file>
      <spirit:file>
        <spirit:name>hdl/vhdl/qaoa_kernel_applyMixer_hls_3_Pipeline_VITIS_LOOP_116_1.vhd</spirit:name>
        <spirit:fileType>vhdlSource</spirit:fileType>
      </spirit:file>
      <spirit:file>
        <spirit:name>hdl/vhdl/qaoa_kernel_applyMixer_hls_3_Pipeline_VITIS_LOOP_134_5.vhd</spirit:name>
        <spirit:fileType>vhdlSource</spirit:fileType>
      </spirit:file>
      <spirit:file>
        <spirit:name>hdl/vhdl/qaoa_kernel_applyMixer_hls_3_Pipeline_VITIS_LOOP_140_6.vhd</spirit:name>
        <spirit:fileType>vhdlSource</spirit:fileType>
      </spirit:file>
      <spirit:file>
        <spirit:name>hdl/vhdl/qaoa_kernel_applyMixer_hls_3_Pipeline_VITIS_LOOP_166_7.vhd</spirit:name>
        <spirit:fileType>vhdlSource</spirit:fileType>
      </spirit:file>
      <spirit:file>
        <spirit:name>hdl/vhdl/qaoa_kernel_applyMixer_hls_3_s.vhd</spirit:name>
        <spirit:fileType>vhdlSource</spirit:fileType>
      </spirit:file>
      <spirit:file>
        <spirit:name>hdl/vhdl/qaoa_kernel_applyMixer_hls_3_s_bufA_re_RAM_2P_BRAM_1R1W.vhd</spirit:name>
        <spirit:fileType>vhdlSource</spirit:fileType>
      </spirit:file>
      <spirit:file>
        <spirit:name>hdl/vhdl/qaoa_kernel_bitselect_1ns_32ns_32s_1_1_1.vhd</spirit:name>
        <spirit:fileType>vhdlSource</spirit:fileType>
      </spirit:file>
      <spirit:file>
        <spirit:name>hdl/vhdl/qaoa_kernel_Block_entry_proc_proc.vhd</spirit:name>
        <spirit:fileType>vhdlSource</spirit:fileType>
      </spirit:file>
      <spirit:file>
        <spirit:name>hdl/vhdl/qaoa_kernel_Block_entry_state_re_wr_d_rd_proc.vhd</spirit:name>
        <spirit:fileType>vhdlSource</spirit:fileType>
      </spirit:file>
      <spirit:file>
        <spirit:name>hdl/vhdl/qaoa_kernel_Block_entry_state_re_wr_d_rd_proc_Pipeline_1.vhd</spirit:name>
        <spirit:fileType>vhdlSource</spirit:fileType>
      </spirit:file>
      <spirit:file>
        <spirit:name>hdl/vhdl/qaoa_kernel_Block_entry_state_re_wr_d_rd_proc_state_im_i_RAM_2P_BRAM_1R1W.vhd</spirit:name>
        <spirit:fileType>vhdlSource</spirit:fileType>
      </spirit:file>
      <spirit:file>
        <spirit:name>hdl/vhdl/qaoa_kernel_build_feasible_superposition_3_s.vhd</spirit:name>
        <spirit:fileType>vhdlSource</spirit:fileType>
      </spirit:file>
      <spirit:file>
        <spirit:name>hdl/vhdl/qaoa_kernel_control_s_axi.vhd</spirit:name>
        <spirit:fileType>vhdlSource</spirit:fileType>
      </spirit:file>
      <spirit:file>
        <spirit:name>hdl/vhdl/qaoa_kernel_costHamiltonian_3_s.vhd</spirit:name>
        <spirit:fileType>vhdlSource</spirit:fileType>
      </spirit:file>
      <spirit:file>
        <spirit:name>hdl/vhdl/qaoa_kernel_ctlz_32_32_1_1.vhd</spirit:name>
        <spirit:fileType>vhdlSource</spirit:fileType>
      </spirit:file>
      <spirit:file>
        <spirit:name>hdl/vhdl/qaoa_kernel_expectation_cost_3_Pipeline_VITIS_LOOP_177_1.vhd</spirit:name>
        <spirit:fileType>vhdlSource</spirit:fileType>
      </spirit:file>
      <spirit:file>
        <spirit:name>hdl/vhdl/qaoa_kernel_expectation_cost_3_s.vhd</spirit:name>
        <spirit:fileType>vhdlSource</spirit:fileType>
      </spirit:file>
      <spirit:file>
        <spirit:name>hdl/vhdl/qaoa_kernel_fifo_w32_d2_S.vhd</spirit:name>
        <spirit:fileType>vhdlSource</spirit:fileType>
      </spirit:file>
      <spirit:file>
        <spirit:name>hdl/vhdl/qaoa_kernel_flow_control_loop_pipe_sequential_init.vhd</spirit:name>
        <spirit:fileType>vhdlSource</spirit:fileType>
      </spirit:file>
      <spirit:file>
        <spirit:name>hdl/vhdl/qaoa_kernel_mul_11ns_33ns_34_2_1.vhd</spirit:name>
        <spirit:fileType>vhdlSource</spirit:fileType>
      </spirit:file>
      <spirit:file>
        <spirit:name>hdl/vhdl/qaoa_kernel_mul_12ns_65ns_66_5_1.vhd</spirit:name>
        <spirit:fileType>vhdlSource</spirit:fileType>
      </spirit:file>
      <spirit:file>
        <spirit:name>hdl/vhdl/qaoa_kernel_mul_32ns_46ns_76_3_1.vhd</spirit:name>
        <spirit:fileType>vhdlSource</spirit:fileType>
      </spirit:file>
      <spirit:file>
        <spirit:name>hdl/vhdl/qaoa_kernel_mul_32s_22s_52_2_1.vhd</spirit:name>
        <spirit:fileType>vhdlSource</spirit:fileType>
      </spirit:file>
      <spirit:file>
        <spirit:name>hdl/vhdl/qaoa_kernel_mul_32s_32s_52_2_1.vhd</spirit:name>
        <spirit:fileType>vhdlSource</spirit:fileType>
      </spirit:file>
      <spirit:file>
        <spirit:name>hdl/vhdl/qaoa_kernel_mul_49s_23s_68_3_1.vhd</spirit:name>
        <spirit:fileType>vhdlSource</spirit:fileType>
      </spirit:file>
      <spirit:file>
        <spirit:name>hdl/vhdl/qaoa_kernel_mul_49s_23s_68_3_1_x.vhd</spirit:name>
        <spirit:fileType>vhdlSource</spirit:fileType>
      </spirit:file>
      <spirit:file>
        <spirit:name>hdl/vhdl/qaoa_kernel_mul_53ns_90ns_141_5_1.vhd</spirit:name>
        <spirit:fileType>vhdlSource</spirit:fileType>
      </spirit:file>
      <spirit:file>
        <spirit:name>hdl/vhdl/qaoa_kernel_qaoaStep_hls_3_1_s.vhd</spirit:name>
        <spirit:fileType>vhdlSource</spirit:fileType>
      </spirit:file>
      <spirit:file>
        <spirit:name>hdl/vhdl/qaoa_kernel_sparsemux_7_2_33_1_1.vhd</spirit:name>
        <spirit:fileType>vhdlSource</spirit:fileType>
      </spirit:file>
      <spirit:file>
        <spirit:name>hdl/vhdl/qaoa_kernel_sparsemux_7_2_65_1_1.vhd</spirit:name>
        <spirit:fileType>vhdlSource</spirit:fileType>
      </spirit:file>
      <spirit:file>
        <spirit:name>hdl/vhdl/qaoa_kernel.vhd</spirit:name>
        <spirit:fileType>vhdlSource</spirit:fileType>
        <spirit:userFileType>CHECKSUM_bff9c0d6</spirit:userFileType>
      </spirit:file>
    </spirit:fileSet>
    <spirit:fileSet>
      <spirit:name>xilinx_vhdlbehavioralsimulation_view_fileset</spirit:name>
      <spirit:file>
        <spirit:name>hdl/vhdl/qaoa_kernel_applyCost_hls_3_s.vhd</spirit:name>
        <spirit:fileType>vhdlSource</spirit:fileType>
        <spirit:userFileType>USED_IN_ipstatic</spirit:userFileType>
      </spirit:file>
      <spirit:file>
        <spirit:name>hdl/vhdl/qaoa_kernel_applyCost_hls_3_s_cordic_apfixed_circ_table_arctan_128_ROM_AUTO_1R.vhd</spirit:name>
        <spirit:fileType>vhdlSource</spirit:fileType>
        <spirit:userFileType>USED_IN_ipstatic</spirit:userFileType>
      </spirit:file>
      <spirit:file>
        <spirit:name>hdl/vhdl/qaoa_kernel_applyMixer_hls_3_Pipeline_2.vhd</spirit:name>
        <spirit:fileType>vhdlSource</spirit:fileType>
        <spirit:userFileType>USED_IN_ipstatic</spirit:userFileType>
      </spirit:file>
      <spirit:file>
        <spirit:name>hdl/vhdl/qaoa_kernel_applyMixer_hls_3_Pipeline_3.vhd</spirit:name>
        <spirit:fileType>vhdlSource</spirit:fileType>
        <spirit:userFileType>USED_IN_ipstatic</spirit:userFileType>
      </spirit:file>
      <spirit:file>
        <spirit:name>hdl/vhdl/qaoa_kernel_applyMixer_hls_3_Pipeline_VITIS_LOOP_61_1.vhd</spirit:name>
        <spirit:fileType>vhdlSource</spirit:fileType>
        <spirit:userFileType>USED_IN_ipstatic</spirit:userFileType>
      </spirit:file>
      <spirit:file>
        <spirit:name>hdl/vhdl/qaoa_kernel_applyMixer_hls_3_Pipeline_VITIS_LOOP_116_1.vhd</spirit:name>
        <spirit:fileType>vhdlSource</spirit:fileType>
        <spirit:userFileType>USED_IN_ipstatic</spirit:userFileType>
      </spirit:file>
      <spirit:file>
        <spirit:name>hdl/vhdl/qaoa_kernel_applyMixer_hls_3_Pipeline_VITIS_LOOP_134_5.vhd</spirit:name>
        <spirit:fileType>vhdlSource</spirit:fileType>
        <spirit:userFileType>USED_IN_ipstatic</spirit:userFileType>
      </spirit:file>
      <spirit:file>
        <spirit:name>hdl/vhdl/qaoa_kernel_applyMixer_hls_3_Pipeline_VITIS_LOOP_140_6.vhd</spirit:name>
        <spirit:fileType>vhdlSource</spirit:fileType>
        <spirit:userFileType>USED_IN_ipstatic</spirit:userFileType>
      </spirit:file>
      <spirit:file>
        <spirit:name>hdl/vhdl/qaoa_kernel_applyMixer_hls_3_Pipeline_VITIS_LOOP_166_7.vhd</spirit:name>
        <spirit:fileType>vhdlSource</spirit:fileType>
        <spirit:userFileType>USED_IN_ipstatic</spirit:userFileType>
      </spirit:file>
      <spirit:file>
        <spirit:name>hdl/vhdl/qaoa_kernel_applyMixer_hls_3_s.vhd</spirit:name>
        <spirit:fileType>vhdlSource</spirit:fileType>
        <spirit:userFileType>USED_IN_ipstatic</spirit:userFileType>
      </spirit:file>
      <spirit:file>
        <spirit:name>hdl/vhdl/qaoa_kernel_applyMixer_hls_3_s_bufA_re_RAM_2P_BRAM_1R1W.vhd</spirit:name>
        <spirit:fileType>vhdlSource</spirit:fileType>
        <spirit:userFileType>USED_IN_ipstatic</spirit:userFileType>
      </spirit:file>
      <spirit:file>
        <spirit:name>hdl/vhdl/qaoa_kernel_bitselect_1ns_32ns_32s_1_1_1.vhd</spirit:name>
        <spirit:fileType>vhdlSource</spirit:fileType>
        <spirit:userFileType>USED_IN_ipstatic</spirit:userFileType>
      </spirit:file>
      <spirit:file>
        <spirit:name>hdl/vhdl/qaoa_kernel_Block_entry_proc_proc.vhd</spirit:name>
        <spirit:fileType>vhdlSource</spirit:fileType>
        <spirit:userFileType>USED_IN_ipstatic</spirit:userFileType>
      </spirit:file>
      <spirit:file>
        <spirit:name>hdl/vhdl/qaoa_kernel_Block_entry_state_re_wr_d_rd_proc.vhd</spirit:name>
        <spirit:fileType>vhdlSource</spirit:fileType>
        <spirit:userFileType>USED_IN_ipstatic</spirit:userFileType>
      </spirit:file>
      <spirit:file>
        <spirit:name>hdl/vhdl/qaoa_kernel_Block_entry_state_re_wr_d_rd_proc_Pipeline_1.vhd</spirit:name>
        <spirit:fileType>vhdlSource</spirit:fileType>
        <spirit:userFileType>USED_IN_ipstatic</spirit:userFileType>
      </spirit:file>
      <spirit:file>
        <spirit:name>hdl/vhdl/qaoa_kernel_Block_entry_state_re_wr_d_rd_proc_state_im_i_RAM_2P_BRAM_1R1W.vhd</spirit:name>
        <spirit:fileType>vhdlSource</spirit:fileType>
        <spirit:userFileType>USED_IN_ipstatic</spirit:userFileType>
      </spirit:file>
      <spirit:file>
        <spirit:name>hdl/vhdl/qaoa_kernel_build_feasible_superposition_3_s.vhd</spirit:name>
        <spirit:fileType>vhdlSource</spirit:fileType>
        <spirit:userFileType>USED_IN_ipstatic</spirit:userFileType>
      </spirit:file>
      <spirit:file>
        <spirit:name>hdl/vhdl/qaoa_kernel_control_s_axi.vhd</spirit:name>
        <spirit:fileType>vhdlSource</spirit:fileType>
        <spirit:userFileType>USED_IN_ipstatic</spirit:userFileType>
      </spirit:file>
      <spirit:file>
        <spirit:name>hdl/vhdl/qaoa_kernel_costHamiltonian_3_s.vhd</spirit:name>
        <spirit:fileType>vhdlSource</spirit:fileType>
        <spirit:userFileType>USED_IN_ipstatic</spirit:userFileType>
      </spirit:file>
      <spirit:file>
        <spirit:name>hdl/vhdl/qaoa_kernel_ctlz_32_32_1_1.vhd</spirit:name>
        <spirit:fileType>vhdlSource</spirit:fileType>
        <spirit:userFileType>USED_IN_ipstatic</spirit:userFileType>
      </spirit:file>
      <spirit:file>
        <spirit:name>hdl/vhdl/qaoa_kernel_expectation_cost_3_Pipeline_VITIS_LOOP_177_1.vhd</spirit:name>
        <spirit:fileType>vhdlSource</spirit:fileType>
        <spirit:userFileType>USED_IN_ipstatic</spirit:userFileType>
      </spirit:file>
      <spirit:file>
        <spirit:name>hdl/vhdl/qaoa_kernel_expectation_cost_3_s.vhd</spirit:name>
        <spirit:fileType>vhdlSource</spirit:fileType>
        <spirit:userFileType>USED_IN_ipstatic</spirit:userFileType>
      </spirit:file>
      <spirit:file>
        <spirit:name>hdl/vhdl/qaoa_kernel_fifo_w32_d2_S.vhd</spirit:name>
        <spirit:fileType>vhdlSource</spirit:fileType>
        <spirit:userFileType>USED_IN_ipstatic</spirit:userFileType>
      </spirit:file>
      <spirit:file>
        <spirit:name>hdl/vhdl/qaoa_kernel_flow_control_loop_pipe_sequential_init.vhd</spirit:name>
        <spirit:fileType>vhdlSource</spirit:fileType>
        <spirit:userFileType>USED_IN_ipstatic</spirit:userFileType>
      </spirit:file>
      <spirit:file>
        <spirit:name>hdl/vhdl/qaoa_kernel_mul_11ns_33ns_34_2_1.vhd</spirit:name>
        <spirit:fileType>vhdlSource</spirit:fileType>
        <spirit:userFileType>USED_IN_ipstatic</spirit:userFileType>
      </spirit:file>
      <spirit:file>
        <spirit:name>hdl/vhdl/qaoa_kernel_mul_12ns_65ns_66_5_1.vhd</spirit:name>
        <spirit:fileType>vhdlSource</spirit:fileType>
        <spirit:userFileType>USED_IN_ipstatic</spirit:userFileType>
      </spirit:file>
      <spirit:file>
        <spirit:name>hdl/vhdl/qaoa_kernel_mul_32ns_46ns_76_3_1.vhd</spirit:name>
        <spirit:fileType>vhdlSource</spirit:fileType>
        <spirit:userFileType>USED_IN_ipstatic</spirit:userFileType>
      </spirit:file>
      <spirit:file>
        <spirit:name>hdl/vhdl/qaoa_kernel_mul_32s_22s_52_2_1.vhd</spirit:name>
        <spirit:fileType>vhdlSource</spirit:fileType>
        <spirit:userFileType>USED_IN_ipstatic</spirit:userFileType>
      </spirit:file>
      <spirit:file>
        <spirit:name>hdl/vhdl/qaoa_kernel_mul_32s_32s_52_2_1.vhd</spirit:name>
        <spirit:fileType>vhdlSource</spirit:fileType>
        <spirit:userFileType>USED_IN_ipstatic</spirit:userFileType>
      </spirit:file>
      <spirit:file>
        <spirit:name>hdl/vhdl/qaoa_kernel_mul_49s_23s_68_3_1.vhd</spirit:name>
        <spirit:fileType>vhdlSource</spirit:fileType>
        <spirit:userFileType>USED_IN_ipstatic</spirit:userFileType>
      </spirit:file>
      <spirit:file>
        <spirit:name>hdl/vhdl/qaoa_kernel_mul_49s_23s_68_3_1_x.vhd</spirit:name>
        <spirit:fileType>vhdlSource</spirit:fileType>
        <spirit:userFileType>USED_IN_ipstatic</spirit:userFileType>
      </spirit:file>
      <spirit:file>
        <spirit:name>hdl/vhdl/qaoa_kernel_mul_53ns_90ns_141_5_1.vhd</spirit:name>
        <spirit:fileType>vhdlSource</spirit:fileType>
        <spirit:userFileType>USED_IN_ipstatic</spirit:userFileType>
      </spirit:file>
      <spirit:file>
        <spirit:name>hdl/vhdl/qaoa_kernel_qaoaStep_hls_3_1_s.vhd</spirit:name>
        <spirit:fileType>vhdlSource</spirit:fileType>
        <spirit:userFileType>USED_IN_ipstatic</spirit:userFileType>
      </spirit:file>
      <spirit:file>
        <spirit:name>hdl/vhdl/qaoa_kernel_sparsemux_7_2_33_1_1.vhd</spirit:name>
        <spirit:fileType>vhdlSource</spirit:fileType>
        <spirit:userFileType>USED_IN_ipstatic</spirit:userFileType>
      </spirit:file>
      <spirit:file>
        <spirit:name>hdl/vhdl/qaoa_kernel_sparsemux_7_2_65_1_1.vhd</spirit:name>
        <spirit:fileType>vhdlSource</spirit:fileType>
        <spirit:userFileType>USED_IN_ipstatic</spirit:userFileType>
      </spirit:file>
      <spirit:file>
        <spirit:name>hdl/vhdl/qaoa_kernel.vhd</spirit:name>
        <spirit:fileType>vhdlSource</spirit:fileType>
        <spirit:userFileType>USED_IN_ipstatic</spirit:userFileType>
      </spirit:file>
    </spirit:fileSet>
    <spirit:fileSet>
      <spirit:name>xilinx_softwaredriver_view_fileset</spirit:name>
      <spirit:file>
        <spirit:name>drivers/qaoa_kernel_v1_0/data/qaoa_kernel.mdd</spirit:name>
        <spirit:userFileType>driver_mdd</spirit:userFileType>
      </spirit:file>
      <spirit:file>
        <spirit:name>drivers/qaoa_kernel_v1_0/data/qaoa_kernel.tcl</spirit:name>
        <spirit:userFileType>driver_tcl</spirit:userFileType>
      </spirit:file>
      <spirit:file>
        <spirit:name>drivers/qaoa_kernel_v1_0/data/qaoa_kernel.yaml</spirit:name>
        <spirit:userFileType>driver_yml</spirit:userFileType>
      </spirit:file>
      <spirit:file>
        <spirit:name>drivers/qaoa_kernel_v1_0/src/CMakeLists.txt</spirit:name>
        <spirit:userFileType>driver_src</spirit:userFileType>
      </spirit:file>
      <spirit:file>
        <spirit:name>drivers/qaoa_kernel_v1_0/src/Makefile</spirit:name>
        <spirit:userFileType>driver_src</spirit:userFileType>
      </spirit:file>
      <spirit:file>
        <spirit:name>drivers/qaoa_kernel_v1_0/src/xqaoa_kernel.c</spirit:name>
        <spirit:userFileType>driver_src</spirit:userFileType>
      </spirit:file>
      <spirit:file>
        <spirit:name>drivers/qaoa_kernel_v1_0/src/xqaoa_kernel.h</spirit:name>
        <spirit:userFileType>driver_src</spirit:userFileType>
      </spirit:file>
      <spirit:file>
        <spirit:name>drivers/qaoa_kernel_v1_0/src/xqaoa_kernel_hw.h</spirit:name>
        <spirit:userFileType>driver_src</spirit:userFileType>
      </spirit:file>
      <spirit:file>
        <spirit:name>drivers/qaoa_kernel_v1_0/src/xqaoa_kernel_linux.c</spirit:name>
        <spirit:userFileType>driver_src</spirit:userFileType>
      </spirit:file>
      <spirit:file>
        <spirit:name>drivers/qaoa_kernel_v1_0/src/xqaoa_kernel_sinit.c</spirit:name>
        <spirit:userFileType>driver_src</spirit:userFileType>
      </spirit:file>
    </spirit:fileSet>
    <spirit:fileSet>
      <spirit:name>xilinx_documentation_view_fileset</spirit:name>
      <spirit:file>
        <spirit:name>doc/ReleaseNotes.txt</spirit:name>
        <spirit:userFileType>text</spirit:userFileType>
      </spirit:file>
    </spirit:fileSet>
    <spirit:fileSet>
      <spirit:name>xilinx_miscfiles_view_fileset</spirit:name>
      <spirit:file>
        <spirit:name>misc/logo.png</spirit:name>
        <spirit:userFileType>image</spirit:userFileType>
      </spirit:file>
    </spirit:fileSet>
    <spirit:fileSet>
      <spirit:name>xilinx_xpgui_view_fileset</spirit:name>
      <spirit:file>
        <spirit:name>xgui/qaoa_kernel_v1_0.tcl</spirit:name>
        <spirit:fileType>tclSource</spirit:fileType>
        <spirit:userFileType>CHECKSUM_f0a2ae16</spirit:userFileType>
        <spirit:userFileType>XGUI_VERSION_2</spirit:userFileType>
      </spirit:file>
    </spirit:fileSet>
    <spirit:fileSet>
      <spirit:name>xilinx_utilityxitfiles_view_fileset</spirit:name>
      <spirit:file>
        <spirit:name>misc/logo.png</spirit:name>
        <spirit:userFileType>image</spirit:userFileType>
        <spirit:userFileType>LOGO</spirit:userFileType>
      </spirit:file>
    </spirit:fileSet>
  </spirit:fileSets>
  <spirit:description>An IP generated by Vitis HLS</spirit:description>
  <spirit:parameters>
    <spirit:parameter>
      <spirit:name>Component_Name</spirit:name>
      <spirit:value spirit:resolve="user" spirit:id="PARAM_VALUE.Component_Name" spirit:order="1">qaoa_kernel_v1_0</spirit:value>
    </spirit:parameter>
    <spirit:parameter>
      <spirit:name>clk_period</spirit:name>
      <spirit:value spirit:id="PARAM_VALUE.clk_period" spirit:order="1">10</spirit:value>
    </spirit:parameter>
    <spirit:parameter>
      <spirit:name>machine</spirit:name>
      <spirit:value spirit:id="PARAM_VALUE.machine" spirit:order="2">64</spirit:value>
    </spirit:parameter>
    <spirit:parameter>
      <spirit:name>combinational</spirit:name>
      <spirit:value spirit:id="PARAM_VALUE.combinational" spirit:order="3">0</spirit:value>
    </spirit:parameter>
    <spirit:parameter>
      <spirit:name>latency</spirit:name>
      <spirit:value spirit:id="PARAM_VALUE.latency" spirit:order="4">159885</spirit:value>
    </spirit:parameter>
    <spirit:parameter>
      <spirit:name>II</spirit:name>
      <spirit:value spirit:id="PARAM_VALUE.II" spirit:order="5">159885 ~ 206110</spirit:value>
    </spirit:parameter>
  </spirit:parameters>
  <spirit:vendorExtensions>
    <xilinx:coreExtensions>
      <xilinx:supportedFamilies>
        <xilinx:family xilinx:lifeCycle="Pre-Production">zynq</xilinx:family>
      </xilinx:supportedFamilies>
      <xilinx:taxonomies>
        <xilinx:taxonomy>/VITIS_HLS_IP</xilinx:taxonomy>
      </xilinx:taxonomies>
      <xilinx:displayName>Qaoa_kernel</xilinx:displayName>
      <xilinx:definitionSource>HLS</xilinx:definitionSource>
      <xilinx:coreRevision>2114356740</xilinx:coreRevision>
      <xilinx:coreCreationDateTime>2025-11-20T16:00:36Z</xilinx:coreCreationDateTime>
      <xilinx:sdxKernelAttributes>
        <xilinx:sdx_kernel>true</xilinx:sdx_kernel>
        <xilinx:sdx_kernel_type>hls</xilinx:sdx_kernel_type>
      </xilinx:sdxKernelAttributes>
    </xilinx:coreExtensions>
    <xilinx:packagingInfo>
      <xilinx:xilinxVersion>2024.2</xilinx:xilinxVersion>
      <xilinx:checksum xilinx:scope="busInterfaces" xilinx:value="bbeba1b8"/>
      <xilinx:checksum xilinx:scope="memoryMaps" xilinx:value="d3021568"/>
      <xilinx:checksum xilinx:scope="fileGroups" xilinx:value="90a230d7"/>
      <xilinx:checksum xilinx:scope="ports" xilinx:value="50c3bf23"/>
      <xilinx:checksum xilinx:scope="hdlParameters" xilinx:value="d824ec03"/>
      <xilinx:checksum xilinx:scope="parameters" xilinx:value="1f64fa8b"/>
    </xilinx:packagingInfo>
  </spirit:vendorExtensions>
</spirit:component>
